0,DATE,D0,D1,D2,D3,D4,-9,W0,W1,W2,W3,W4
0,d_18950101,0,0,0,0,0,100,0,0,0,0,0
0,d_18950201,0,0,0,0,0,100,0,0,0,0,0
0,d_18950301,0,0,0,0,0,100,0,0,0,0,0
0,d_18950401,0,0,0,0,0,100,0,0,0,0,0
0,d_18950501,0,0,0,0,0,100,0,0,0,0,0
0,d_18950601,0,0,0,0,0,100,0,0,0,0,0
0,d_18950701,0,0,0,0,0,100,0,0,0,0,0
0,d_18950801,0,0,0,0,0,100,0,0,0,0,0
58.9,d_18950901,12.3,2.1,0,0,0,0,28.8,23,13.7,2.6,0
57.4,d_18951001,13,2.4,0,0,0,0,29.5,24.4,15.1,3.7,0
66.7,d_18951101,5.2,1.1,0,0,0,0,28.1,21.7,10,3.5,0
61.1,d_18951201,3.7,0.8,0,0,0,0,35.3,22.8,10.6,3,0
39.1,d_18960101,0.2,0,0,0,0,0,60.8,29.7,16.1,5.7,0.1
59.1,d_18960201,0,0,0,0,0,0,41,23.7,5.3,0,0
77.8,d_18960301,3.2,0,0,0,0,0,19,6.8,0,0,0
46.4,d_18960401,35.2,22.3,8.2,2,0,0,18.5,2.8,0,0,0
33.7,d_18960501,66.3,46.6,17.4,7.9,3.3,0,0,0,0,0,0
31.9,d_18960601,68.1,32.2,10.5,3.5,0,0,0,0,0,0,0
29.4,d_18960701,70.6,53.6,31.2,13.6,1.8,0,0,0,0,0,0
3.3,d_18960801,96.7,85.2,48.2,35.5,16.8,0,0,0,0,0,0
43.8,d_18960901,55.5,50,41.1,24.7,8.9,0,0.7,0,0,0,0
59.3,d_18961001,39.4,30.9,24.4,19.3,8.9,0,1.5,0.7,0,0,0
30.1,d_18961101,68.6,40.2,25,18.2,7.3,0,1.3,0.6,0,0,0
40.9,d_18961201,57.8,38,20,12.5,5.4,0,1.3,0.6,0,0,0
34.2,d_18970101,64.6,41.5,15.1,2.6,0,0,1.3,0.6,0,0,0
58,d_18970201,39.8,23.3,7.1,3.3,0,0,2.3,0.6,0,0,0
73.3,d_18970301,10.8,4.6,2.3,1.5,0.5,0,15.9,3,0,0,0
74.2,d_18970401,7.2,3.5,1.8,0.9,0.1,0,18.7,3.6,0,0,0
54.7,d_18970501,5.8,3.6,2,1.3,0.2,0,39.6,25.8,3.5,1.2,0.1
26.8,d_18970601,33.5,22,5.1,1.6,0,0,39.6,26.3,8.7,2.7,0.3
38.4,d_18970701,41.4,34.7,19.1,9,4.1,0,20.2,8.4,0.4,0,0
33.2,d_18970801,31.3,22.7,10.3,7,3.8,0,35.6,16.8,3.7,0.6,0
47.8,d_18970901,32.4,22.7,9.1,6.2,4,0,19.8,7.5,0.1,0,0
52.1,d_18971001,37.6,21.7,5.7,3.8,2.4,0,10.3,3.2,0,0,0
56,d_18971101,37.7,22.6,6.2,3.9,2.2,0,6.2,1.4,0,0,0
45.3,d_18971201,49.1,30.3,5.3,3.5,0.9,0,5.6,0.8,0,0,0
53.8,d_18980101,41.7,26.2,7.2,4.6,3.2,0,4.6,0.8,0,0,0
50.9,d_18980201,48.3,31.9,7.1,3.3,1.2,0,0.9,0.2,0,0,0
37.2,d_18980301,61.7,42,6.3,3.6,2.4,0,1.1,0.2,0,0,0
36.9,d_18980401,58.2,27.2,5.6,3.6,0.7,0,5,2.3,0,0,0
19.3,d_18980501,77.9,59.7,22.1,14,4.8,0,2.8,0.1,0,0,0
74,d_18980601,20.3,9.3,2.7,0.6,0,0,5.7,0.1,0,0,0
76.6,d_18980701,14.6,5.9,3.3,2.6,1.5,0,8.7,3.7,0,0,0
63,d_18980801,6.9,4.6,3.5,3,2.2,0,30,11.5,1.5,0,0
64.1,d_18980901,14.4,6.2,4,3.4,2.6,0,21.3,7.7,0,0,0
58.3,d_18981001,32.6,9.6,4.3,3.7,2.9,0,9.1,1.1,0,0,0
61.9,d_18981101,29.9,13.5,4.5,3.8,2.9,0,8.1,0.5,0,0,0
61,d_18981201,26.3,11.6,4.9,4.3,3.4,0,12.7,4.2,0,0,0
57.9,d_18990101,32.4,16.8,4.8,4.1,3.1,0,9.6,1.3,0,0,0
62.1,d_18990201,29.8,11.4,4.7,4,2.7,0,8.1,1.1,0,0,0
22.9,d_18990301,77.1,62.6,27.1,10.8,2.3,0,0,0,0,0,0
15.4,d_18990401,84.4,68.8,31.1,12.6,1.2,0,0.1,0,0,0,0
1.4,d_18990501,98.6,86.6,45.1,13.4,3,0,0,0,0,0,0
51.4,d_18990601,42.9,20.3,1.7,0,0,0,5.8,0.3,0,0,0
54.5,d_18990701,18.9,12.3,0.7,0,0,0,26.6,15.7,6.6,2.6,0
55.3,d_18990801,30,17,7.1,1.2,0,0,14.7,9.1,2.5,0,0
42.2,d_18990901,47.1,27.9,9.9,1.9,0,0,10.6,3.4,0,0,0
62,d_18991001,30.5,17.5,9.2,3.5,0.1,0,7.4,0.5,0,0,0
61.2,d_18991101,20.2,14.3,6.7,2.3,0.1,0,18.7,7.7,0,0,0
47.2,d_18991201,14.5,10.6,4,0.6,0,0,38.4,14,1.3,0,0
36.9,d_19000101,11.5,8.4,3.1,0.3,0,0,51.7,22.8,5.1,0.5,0
36.5,d_19000201,9.3,6.3,2.3,1,0,0,54.1,33.2,6.2,0,0
59,d_19000301,11.3,4.1,2,1,0,0,29.9,12.7,2.6,0.6,0
46.3,d_19000401,5.2,3.7,2,1,0,0,48.5,33.9,6.4,0.1,0
11,d_19000501,3.9,2.7,1,0.1,0,0,84.9,72.6,25,9.7,3
10.6,d_19000601,3,1.6,0.2,0,0,0,86.4,68.7,22.5,6.3,2.8
8.9,d_19000701,1.8,0.9,0,0,0,0,89.2,83.7,54.1,29.6,12.1
11.6,d_19000801,2.5,1.3,0.3,0,0,0,85.7,76.7,51.2,36.2,13.9
10.3,d_19000901,1.9,1,0.5,0.3,0.2,0,87.8,82.9,64.5,41.3,11
10.9,d_19001001,2.2,1.2,0.6,0.4,0.2,0,86.8,81.9,58.7,38.4,11.8
10.2,d_19001101,3.3,1.9,0.9,0.6,0.3,0,86.7,81.9,59,36.9,10.9
14.4,d_19001201,4.3,3.2,1.4,0.8,0.4,0,81.1,69,43.3,24.3,5.1
33.7,d_19010101,12.3,7.9,3.8,1.7,0.8,0,54.1,41.2,20.1,11.7,1.7
36.5,d_19010201,15.6,6,2.2,1.4,0.7,0,47.8,32.4,15.8,5.1,1.1
37.2,d_19010301,12.3,5.7,1.9,1.1,0.5,0,50.6,40.9,14,4,1
34.5,d_19010401,34.7,18,3.9,3.3,2.5,0,30.9,17.2,5.1,2.4,0
25.3,d_19010501,42.8,33.8,10.1,3.6,2.4,0,32,18.6,3.1,1.2,0.2
20.3,d_19010601,79.7,70,30.1,17.4,5.7,0,0,0,0,0,0
10.6,d_19010701,88.8,76.3,45.4,27.1,10.3,0,0.6,0.2,0,0,0
8.4,d_19010801,91.1,80.2,51.5,28.8,12.6,0,0.5,0.1,0,0,0
20.3,d_19010901,79.2,62.4,24.6,13.3,4.5,0,0.5,0,0,0,0
21.5,d_19011001,78,63.5,25.5,11.4,3.9,0,0.3,0,0,0,0
18.2,d_19011101,81.1,65.1,25.1,12.4,4.1,0,0.6,0.1,0,0,0
15.5,d_19011201,84.1,66.7,26.9,14.6,5.6,0,0.4,0,0,0,0
14.6,d_19020101,85.2,68.4,34.8,18.2,4.6,0,0.1,0,0,0,0
14.2,d_19020201,85.8,68.9,41.7,29.7,18,0,0,0,0,0,0
27.7,d_19020301,72.3,57.2,27.5,14.9,2.1,0,0,0,0,0,0
19.3,d_19020401,80.7,68.1,39.3,27.1,7.6,0,0,0,0,0,0
30.8,d_19020501,66.3,47.4,21,5,0.2,0,2.9,0.3,0,0,0
12.1,d_19020601,87.2,73.7,42.9,21.8,2,0,0.6,0,0,0,0
47.7,d_19020701,43,24.9,11,4.7,0.2,0,9.3,3.7,1.1,0.2,0
31.4,d_19020801,62.3,39.6,16.7,8.5,4.3,0,6.4,3.7,1.4,0.5,0
56.5,d_19020901,35.1,24,10.8,3.8,1.1,0,8.3,3.2,0.2,0,0
55,d_19021001,33.5,22.9,10,5.3,1.6,0,11.6,3.5,0.2,0,0
42.8,d_19021101,18.7,12.1,4.3,2.1,0.5,0,38.6,24.3,9,2.4,0
43.5,d_19021201,16.3,9.9,3.3,1.2,0,0,40.2,23.3,6.4,1.6,0
32.4,d_19030101,12.1,7.1,2.2,0.4,0,0,55.5,30.8,9.2,3.2,0
24.2,d_19030201,10.2,3,0,0,0,0,65.7,51.4,27.1,14.7,4.5
22.1,d_19030301,2.2,0.8,0,0,0,0,75.7,66,40.6,25.8,9.2
42.5,d_19030401,10.8,4.7,0,0,0,0,46.7,34.8,11.6,2.9,0.1
36.7,d_19030501,8.9,4,0,0,0,0,54.3,42.2,12.8,2.4,0.1
36.2,d_19030601,0,0,0,0,0,0,63.9,47,11.9,2.4,0
33.9,d_19030701,3.3,0,0,0,0,0,62.8,50.7,33.7,22.4,10.4
52.7,d_19030801,6,0.6,0,0,0,0,41.3,31.6,18.8,12.6,7
49.5,d_19030901,9.3,3.4,0,0,0,0,41.3,28.2,12.6,5.6,0
42.5,d_19031001,24.9,10.6,0,0,0,0,32.6,18,6.9,4,0
33.7,d_19031101,55.6,36.2,11.7,3.3,0.1,0,10.8,6.4,0.1,0,0
28.2,d_19031201,65.8,48.6,17.6,8.8,1.7,0,6,1.1,0,0,0
31.7,d_19040101,63.1,44.5,16.9,9.3,0.7,0,5.1,0.7,0,0,0
41.3,d_19040201,53.8,33.6,14,8.8,4.8,0,5,0.7,0,0,0
18.8,d_19040301,80.7,62.5,41.2,34.5,23.5,0,0.5,0,0,0,0
5.1,d_19040401,94.9,89.8,67.7,45,18.2,0,0,0,0,0,0
7.5,d_19040501,92.2,81.6,43.9,23.9,8.7,0,0.2,0,0,0,0
31.9,d_19040601,65.7,39.2,7.6,3.8,1,0,2.2,0.7,0,0,0
37.9,d_19040701,56.1,28.9,4.6,1.8,0.2,0,5.8,3.7,0.7,0,0
63.4,d_19040801,29.4,11.8,0.9,0.2,0,0,7.3,5,2.3,0.7,0
61.9,d_19040901,8.6,4,1.1,0.2,0,0,29.3,9.5,1.2,0,0
56.3,d_19041001,6.1,2.3,0.3,0,0,0,37.5,20.3,1.2,0,0
47.5,d_19041101,14.6,3.9,0.3,0,0,0,37.8,19.9,1.2,0.1,0
42.6,d_19041201,10.5,3.2,0.2,0,0,0,46.9,26,2.1,0,0
41.1,d_19050101,12.5,3.1,0.3,0,0,0,46.4,26.9,4.3,1.1,0
47.5,d_19050201,8.9,1.6,0,0,0,0,43.7,24.1,7.2,1.3,0
37.7,d_19050301,7.5,3.3,0.3,0,0,0,54.9,34.3,5.5,1.1,0
27,d_19050401,1.4,0.6,0,0,0,0,71.5,56.9,26.4,13.2,2.4
17.2,d_19050501,0.1,0,0,0,0,0,82.6,61.9,29.7,17.5,2.5
20.4,d_19050601,0,0,0,0,0,0,79.5,53.6,13.3,3.7,0.9
13.7,d_19050701,0.4,0.1,0,0,0,0,85.9,67.4,31.2,18.6,8.4
13.6,d_19050801,0.8,0.1,0,0,0,0,85.6,63,33.5,19.8,11.4
19.5,d_19050901,1.1,0.3,0,0,0,0,79.5,55.7,31.4,18,7.4
20.8,d_19051001,1.5,0.5,0,0,0,0,77.5,52.8,25.1,16,5.8
16.5,d_19051101,1.5,0.6,0,0,0,0,82.1,63.6,30.5,17.1,5.8
28.7,d_19051201,2.2,1.1,0.2,0,0,0,68.9,48.3,20.2,12.9,5.9
45.4,d_19060101,13.6,5.7,0.8,0.3,0,0,40.9,24.6,10.8,5.9,2.5
48.5,d_19060201,12.5,5.4,0,0,0,0,38.9,22.7,5.2,2.6,0.6
46.3,d_19060301,19.7,8.2,2.8,0.9,0,0,34.1,17.3,3.7,0.8,0.3
59.3,d_19060401,19.8,11.1,3.4,0.5,0,0,20.9,9.3,0.2,0,0
58.7,d_19060501,17.7,11.4,3.6,0,0,0,23.6,7.8,0.6,0,0
67.5,d_19060601,15.4,9.4,1.4,0,0,0,17.1,3.5,0.1,0,0
35.2,d_19060701,6.6,2.7,0,0,0,0,58.3,42,8.1,1.5,0
32.9,d_19060801,11,5.9,1.3,0.4,0,0,56.2,42.2,18,11.5,4.7
36.9,d_19060901,13.6,7.7,1.9,0.6,0,0,49.4,32.1,15,8.4,4.1
39.7,d_19061001,12.1,5.2,0.9,0,0,0,48.3,29.3,15.8,8.7,3.3
32.6,d_19061101,15.1,8.4,0.9,0,0,0,52.4,35.6,18.9,12,5.8
30.4,d_19061201,13.7,7.9,0.5,0,0,0,55.9,39.3,19.4,12,5.5
32.7,d_19070101,15.6,10.5,2.4,0.7,0,0,51.7,34.4,17.4,10.7,4
37.8,d_19070201,10.6,4.4,0.8,0,0,0,51.5,32.8,13.7,8.5,0.7
37.1,d_19070301,11.3,4.7,0.6,0,0,0,51.4,37.6,13.4,7.8,0.8
50.6,d_19070401,26.3,16.9,2.2,0.4,0,0,23.1,14.4,2.7,0.5,0
63.5,d_19070501,22.6,13,0.7,0,0,0,13.8,2,0,0,0
49.2,d_19070601,38.9,27.1,7.3,0.6,0,0,11.8,6.3,0,0,0
55.5,d_19070701,24.1,11.1,1.5,0.1,0,0,20.4,8.3,0,0,0
47.7,d_19070801,42,21.4,7.9,3.2,0.3,0,10.3,5.5,0.6,0,0
37.9,d_19070901,55,37.3,10.2,6.7,2.9,0,7.1,0.6,0,0,0
62.2,d_19071001,20.8,11.1,1,0,0,0,17,2.4,0,0,0
40.2,d_19071101,8.6,2,0,0,0,0,51.1,21.7,1.9,0.5,0
36.5,d_19071201,8.5,2.3,0,0,0,0,55,28.1,2.5,0.8,0
31.6,d_19080101,9.7,6.3,1.2,0.1,0,0,58.9,26.7,1.5,0.1,0
44.4,d_19080201,12.5,8.4,2.2,0.2,0,0,43.1,20.2,1.6,0,0
40.9,d_19080301,8.7,4.7,0.1,0,0,0,50.2,21,1.5,0,0
36.9,d_19080401,2.6,0,0,0,0,0,60.6,33,1.6,0,0
22,d_19080501,3.6,0.9,0,0,0,0,74.4,60,27.1,9.7,0
15.6,d_19080601,1.6,0.8,0,0,0,0,82.8,70,29.7,10.2,0.3
23.7,d_19080701,2.8,2,0.7,0,0,0,73.5,59,26.5,5.5,0.5
41.4,d_19080801,2.3,1.6,0,0,0,0,56.3,41,13,3.4,0.1
41.3,d_19080901,2.9,1.8,0.4,0,0,0,55.8,34.7,6.9,2.7,0.2
50.7,d_19081001,3.2,1.9,0,0,0,0,46.1,17.4,5.7,2.3,0.5
52,d_19081101,3.9,1.6,0,0,0,0,44.1,22.7,7,2.9,0.5
55.5,d_19081201,5.1,1.9,0,0,0,0,39.4,17.8,3.7,1.5,0.2
66.3,d_19090101,25.7,11.2,2.1,0.2,0,0,7.9,2.9,0.9,0.1,0
42.2,d_19090201,53.2,31.7,11.6,3.1,0.3,0,4.5,0.5,0,0,0
43.3,d_19090301,51.5,32.9,12.1,1.8,0,0,5.2,0.2,0,0,0
12.1,d_19090401,88,73.8,41.5,14.5,3.6,0,0.1,0,0,0,0
4.4,d_19090501,95.4,84.8,58.8,38.3,18.8,0,0.3,0,0,0,0
10.1,d_19090601,88.9,81.2,45.7,26.6,12.1,0,1.1,0.8,0.2,0,0
23,d_19090701,76,55.4,27.9,15,7.5,0,1,0.6,0,0,0
8.6,d_19090801,87.3,73.4,36,19.1,7.6,0,4.1,2.3,0.6,0.1,0
9.1,d_19090901,89.8,78.9,40.2,22.4,7.7,0,1.1,0.1,0,0,0
13.5,d_19091001,85.4,68.8,28.8,13,2.4,0,1.2,0.3,0,0,0
33.9,d_19091101,63.6,44.7,17.9,6.6,0.2,0,2.6,1.3,0.4,0,0
42,d_19091201,55.4,35.6,8.8,1.9,0,0,2.7,1.2,0.2,0,0
39.3,d_19100101,56.7,37.4,12.2,2.9,0,0,4,1.9,0.4,0,0
39,d_19100201,57.3,37.4,9.4,2,0,0,3.7,1,0,0,0
39.4,d_19100301,60.6,42.8,8.4,3.5,0.3,0,0,0,0,0,0
32.6,d_19100401,67.4,42.3,19.2,13.7,2.4,0,0,0,0,0,0
33.8,d_19100501,65.6,42.1,23.2,11.2,1,0,0.6,0,0,0,0
37.9,d_19100601,60.6,30.3,8.4,3.7,0.3,0,1.5,0.2,0,0,0
33.9,d_19100701,64.5,35.8,14.1,6.3,0.5,0,1.6,0.4,0,0,0
16.3,d_19100801,83.2,70.9,35.2,20.3,8,0,0.6,0,0,0,0
9.4,d_19100901,90.6,79.7,48.8,27.5,7.8,0,0,0,0,0,0
10.8,d_19101001,89.3,76.9,48.1,28,5.5,0,0,0,0,0,0
7.2,d_19101101,92.8,86.2,53.3,29,4.6,0,0,0,0,0,0
7.2,d_19101201,92.8,80.2,54,30.6,3.8,0,0,0,0,0,0
2.3,d_19110101,97.7,93.5,74.8,46.9,11.8,0,0,0,0,0,0
8.9,d_19110201,91.1,72.5,40.5,22.3,2.5,0,0.1,0,0,0,0
21.3,d_19110301,78,51.7,29.8,16.2,4.6,0,0.7,0.2,0,0,0
47.8,d_19110401,44.5,29.1,9.4,3.2,0,0,7.7,2.9,0.1,0,0
38.3,d_19110501,48,28.9,14.7,9,3.6,0,13.7,9.3,3.7,0.6,0
25.9,d_19110601,60.4,35.3,16.4,10.1,4.8,0,13.9,10.7,4.5,0.1,0
39.9,d_19110701,38.3,20.3,5.4,1.7,0,0,21.8,16,11.7,9.5,2.2
52.1,d_19110801,25,9.2,0.2,0,0,0,22.9,14.3,10.2,6,2
42.3,d_19110901,38.9,23.8,2.2,0,0,0,18.6,12.7,5.7,1.9,0
47.2,d_19111001,34.7,18.2,0.8,0.1,0,0,18.1,11.9,2.1,0,0
36.1,d_19111101,53,33.1,7.6,1.2,0,0,10.8,3.9,0,0,0
52.4,d_19111201,30.2,13.1,2.1,0,0,0,17.3,7.4,1.7,0.3,0
35.5,d_19120101,60.1,44.4,17.5,6.6,0.6,0,4.5,0.5,0,0,0
52.1,d_19120201,42.2,22.9,2.5,0,0,0,5.7,0.9,0,0,0
56.1,d_19120301,14.9,5,0,0,0,0,29,14.6,2.4,0.4,0
62.5,d_19120401,28.5,7.1,0,0,0,0,9,1.3,0.1,0,0
53.9,d_19120501,40.3,17.4,0.6,0,0,0,5.7,0.7,0,0,0
49,d_19120601,31.2,13.4,2.5,0.6,0,0,19.8,11.6,2.4,0,0
56.6,d_19120701,26.9,4.4,0.5,0,0,0,16.6,9.9,0.8,0,0
66,d_19120801,15.1,7.2,1.9,1,0.2,0,18.9,6.5,0.2,0,0
45,d_19120901,51.2,34.2,11.2,4.8,2.5,0,3.8,0.2,0,0,0
52.9,d_19121001,43,20.8,5.9,2.5,0.4,0,3.9,0.7,0,0,0
44.5,d_19121101,51.2,32.3,9.8,3.4,0,0,4.3,1.6,0.1,0,0
34.6,d_19121201,57.5,37.9,7.2,0.8,0,0,8,2.3,0.1,0,0
32.2,d_19130101,63,44,11.5,3.3,0.4,0,4.9,1.4,0.1,0,0
42.8,d_19130201,45.4,23.2,2,0,0,0,11.7,4.8,0.1,0,0
32.7,d_19130301,58.2,25.2,1.3,0,0,0,9.2,5.7,0.3,0,0
43.2,d_19130401,44.4,17.2,1,0.1,0,0,12.4,8.4,0.6,0,0
35.3,d_19130501,55.6,37,8.8,3.9,0.1,0,9.1,4.8,0,0,0
34.2,d_19130601,34.2,18.7,4.3,0.5,0,0,31.7,17.9,1.9,0,0
43.1,d_19130701,40,24.7,4.9,0.3,0,0,17,6.6,2.9,1.4,0
49.5,d_19130801,42.3,25.9,6.5,1.5,0,0,8.2,3.4,0.6,0,0
64.5,d_19130901,18.4,5.9,0,0,0,0,17.1,6.6,0.3,0.1,0
53,d_19131001,13.5,2.8,0,0,0,0,33.5,13.5,0.8,0.1,0
44.4,d_19131101,4.3,0.8,0,0,0,0,51.3,26.9,4,0.1,0
26.1,d_19131201,0,0,0,0,0,0,73.9,42.7,12.9,6.4,0.4
40.4,d_19140101,0.9,0,0,0,0,0,58.7,34.8,12.1,5.9,0.4
25.4,d_19140201,0.6,0,0,0,0,0,74.1,48.1,16.1,7.3,0.8
34.9,d_19140301,4.4,1.7,0,0,0,0,60.8,40.7,10,5.5,1.1
21.3,d_19140401,0.5,0,0,0,0,0,78.2,61.3,25.4,10.6,4.3
1.5,d_19140501,0,0,0,0,0,0,98.4,95.5,70.2,47.6,16.5
15.3,d_19140601,0.1,0,0,0,0,0,84.6,71.2,41.6,28.5,6.4
18.4,d_19140701,2.1,0.2,0,0,0,0,79.7,65,41.2,23.3,4.9
11.9,d_19140801,0,0,0,0,0,0,88,77.6,54.3,31.2,10.3
35.3,d_19140901,1.5,0.1,0,0,0,0,63.2,39.9,11,2.6,0
25.5,d_19141001,0.3,0,0,0,0,0,74.1,56.2,28.7,14,0.8
17.1,d_19141101,0.3,0,0,0,0,0,82.5,69.3,43,25.3,6
13.6,d_19141201,0,0,0,0,0,0,86.4,75.8,49.2,33.9,10.3
16.7,d_19150101,0.5,0.1,0,0,0,0,82.8,67.5,43.6,29.8,10.6
44.5,d_19150201,1,0.1,0,0,0,0,54.5,39.4,26.3,14.3,4.8
28.2,d_19150301,0,0,0,0,0,0,71.9,51.9,22.4,9.5,1.4
4.7,d_19150401,0,0,0,0,0,0,95.3,88,54.7,30.7,9.9
36.5,d_19150501,0.8,0,0,0,0,0,62.6,46.5,17.3,3.4,0
33.4,d_19150601,0.2,0,0,0,0,0,66.4,55.4,32.6,15.3,3.7
36,d_19150701,3.1,1,0,0,0,0,60.8,47.3,18.4,8.3,1.8
25.7,d_19150801,4.4,2.1,0.5,0.1,0,0,69.8,56.2,27.4,16.6,7.9
37.2,d_19150901,3.4,1.8,0.4,0.1,0,0,59.5,46,25.9,17.1,8.7
44.2,d_19151001,9.9,5.2,1,0.3,0,0,45.8,33.6,22.7,17.1,9.6
41.7,d_19151101,18.2,6.8,1.7,0.6,0,0,40.1,29.4,17.9,10.7,3.4
40.1,d_19151201,20.4,12.1,4.5,2.4,0.3,0,39.4,29.3,16.7,10.3,3.5
39.9,d_19160101,34,23.6,7.7,3.2,1,0,26,15.5,7,3.2,0.7
42.4,d_19160201,31.4,23,11.2,6.2,1.9,0,26.1,15,4.8,0.7,0
54.7,d_19160301,28.2,18.4,7.8,3.5,1.1,0,17.1,6.9,1.3,0.1,0
40.2,d_19160401,30.7,20.7,6.8,2.3,0.2,0,29,16.8,3.5,0.9,0
46,d_19160501,49.7,35.6,17.3,10.9,1.7,0,4.4,0.7,0,0,0
24.2,d_19160601,75.3,61.8,36,26.3,17.4,0,0.5,0.2,0,0,0
30,d_19160701,69.6,49.9,24.9,9.2,1,0,0.3,0,0,0,0
48.2,d_19160801,44.7,26.4,8.3,2.9,0,0,7,1.3,0.6,0.4,0.1
45.3,d_19160901,52.3,30.1,4.5,0.2,0,0,2.4,0.8,0.3,0.1,0
37.9,d_19161001,60.4,36.9,8.1,1.9,0.1,0,1.6,1,0.5,0.2,0
51.3,d_19161101,46.4,24.5,3.1,0.6,0,0,2.4,1,0.5,0.2,0
42.6,d_19161201,55.3,24.9,2.2,0.1,0,0,2,1.1,0.5,0.2,0
23.6,d_19170101,74.7,58.9,17.7,4.8,0.1,0,1.5,0.8,0.3,0.1,0
24.6,d_19170201,70.4,59.3,28.3,10.7,2.2,0,5.1,1.4,0.5,0.2,0
21.3,d_19170301,70.4,61.4,37.2,18.7,7.7,0,8.4,4.3,0.8,0.5,0.1
20.2,d_19170401,77.8,67.1,39,19.9,5.9,0,2.1,0.9,0.2,0,0
4.3,d_19170501,95.7,85.4,55.9,35.1,8.1,0,0,0,0,0,0
0.2,d_19170601,99.9,98.5,81,55.7,18.1,0,0,0,0,0,0
0.6,d_19170701,99.4,98,82,69.9,42.7,0,0,0,0,0,0
2.4,d_19170801,97.6,93.4,80.9,68.3,40.8,0,0,0,0,0,0
5.8,d_19170901,94.2,89.2,70,51.8,16.2,0,0,0,0,0,0
2.4,d_19171001,97.5,94,81.4,69.8,45,0,0,0,0,0,0
2.5,d_19171101,97.5,93.3,82.9,71,46.4,0,0,0,0,0,0
0.9,d_19171201,99,97.3,86.4,76.4,52.6,0,0,0,0,0,0
1.1,d_19180101,98.9,98.1,88.8,75.5,54.2,0,0,0,0,0,0
1.4,d_19180201,98.5,96.2,86.6,77.1,63.6,0,0,0,0,0,0
4,d_19180301,95.3,89.9,77.9,69.9,50.3,0,0.8,0.1,0,0,0
7.2,d_19180401,91.5,86.1,70.3,53.6,31.3,0,1.3,0.7,0,0,0
6.4,d_19180501,93.4,89,75.9,52.3,27.5,0,0.3,0.1,0,0,0
2.9,d_19180601,96.9,90.9,67.5,41,17.4,0,0.1,0,0,0,0
8.1,d_19180701,91.6,83.5,53.5,28.3,11.8,0,0.2,0,0,0,0
7.7,d_19180801,92.1,84,57,30.6,8.6,0,0.2,0,0,0,0
9.3,d_19180901,90.3,77.7,28.9,10.8,2.7,0,0.3,0.1,0,0,0
27.1,d_19181001,72.1,52,12.6,1.5,0,0,0.8,0.3,0,0,0
60.7,d_19181101,35.7,13.5,2,0,0,0,3.6,0.7,0,0,0
62.9,d_19181201,21.8,4.3,0,0,0,0,15.2,5,0.2,0,0
66.8,d_19190101,17.6,4.8,0.1,0,0,0,15.6,4.4,0.1,0,0
50.7,d_19190201,21.2,9.2,0,0,0,0,28.1,9.9,0,0,0
44.9,d_19190301,5.2,0,0,0,0,0,49.8,27.7,3.5,0.8,0
33.2,d_19190401,0,0,0,0,0,0,66.8,43.1,11.6,4,1.3
23,d_19190501,1.1,0,0,0,0,0,75.9,67,29.7,17.2,6.2
12.3,d_19190601,0,0,0,0,0,0,87.6,78.9,62.7,39,10.6
11,d_19190701,0,0,0,0,0,0,89,78.9,64.9,49.6,23.9
20,d_19190801,0.8,0,0,0,0,0,79.1,75.5,60.4,45.5,18.5
9.1,d_19190901,0,0,0,0,0,0,90.9,78.4,50.1,40.6,23.1
1.6,d_19191001,0,0,0,0,0,0,98.3,91.9,70.6,54.8,34.5
1.7,d_19191101,0,0,0,0,0,0,98.4,93.3,73.4,58.2,35.4
4.7,d_19191201,0,0,0,0,0,0,95.4,85.6,54.5,41.5,24.6
6.4,d_19200101,0,0,0,0,0,0,93.5,89.1,64.9,49.2,35.9
7.9,d_19200201,1.1,0.4,0,0,0,0,91,85.6,58.5,43.8,26.5
12.3,d_19200301,1,0.5,0,0,0,0,86.7,73.7,42.2,25.7,8.5
27.7,d_19200401,1.8,0.8,0,0,0,0,70.5,56.4,16.4,5.7,0.5
23.1,d_19200501,1,0.6,0,0,0,0,75.9,60.1,28.3,5.2,0.8
47.4,d_19200601,1.6,0.8,0,0,0,0,51,27.4,5.3,2.3,0.5
76.8,d_19200701,14,0.6,0,0,0,0,9.3,3.4,0.3,0,0
41.6,d_19200801,8.1,2,0,0,0,0,50.3,34.2,16.5,5.1,0
39.5,d_19200901,9.7,6.6,0.9,0.2,0,0,50.7,40,8.4,0.7,0
42.1,d_19201001,14.3,10.3,3.1,0.1,0,0,43.6,30,4.3,0.7,0
35.2,d_19201101,11.8,6.7,0.1,0,0,0,52.9,40.4,11.8,2.1,0.1
33.9,d_19201201,12.7,8.9,1.7,0,0,0,53.3,40.5,11.3,2,0.1
24.7,d_19210101,10,6.4,0,0,0,0,65.3,51.5,23.2,7.9,0.5
27.9,d_19210201,12.9,10.4,5.2,0.1,0,0,59.3,45.1,14.7,3.5,0
25.8,d_19210301,12.4,9,3.7,1.7,0,0,61.8,43.5,18.5,7,0.6
23,d_19210401,9.5,4.5,0.8,0,0,0,67.6,46,15.2,4,0
63.3,d_19210501,26.1,7.9,0.4,0,0,0,10.6,6.8,0.7,0.1,0
59.4,d_19210601,2,0.1,0,0,0,0,38.6,20.8,8.8,6.3,1.9
58.7,d_19210701,4.9,0.5,0,0,0,0,36.4,20.2,9.9,6.3,2
55.4,d_19210801,20.1,6.8,0.6,0,0,0,24.5,15.4,8.4,5.1,1.9
52,d_19210901,17.4,4.1,0.2,0,0,0,30.6,20.6,6.7,2.3,1.2
46.4,d_19211001,34.2,19.9,2.9,0.6,0.1,0,19.4,8.3,1.6,0.6,0
43.3,d_19211101,44.4,28.8,9,3.8,0.6,0,12.3,4.6,1.2,0.2,0
37.6,d_19211201,55.3,40.7,14.9,6.3,1.2,0,7.1,3.1,1.2,0.3,0
29.6,d_19220101,60.6,42.6,18.2,5.5,1.4,0,9.9,3.9,1.6,1,0
32.4,d_19220201,53,37.8,13.5,5.5,0.5,0,14.5,6.4,0.3,0,0
31,d_19220301,67.3,57.9,37.1,24.1,13.1,0,1.8,0.2,0,0,0
61.2,d_19220401,27.7,15.8,6.3,4.5,2.2,0,11.1,3.5,0.1,0,0
60,d_19220501,15.4,7.6,1.9,0,0,0,24.6,7.3,1.1,0,0
68.8,d_19220601,9.6,2.3,0,0,0,0,21.5,3.9,0,0,0
54.3,d_19220701,3.4,1.2,0,0,0,0,42.2,20.1,1.1,0,0
48.2,d_19220801,9.2,4.6,1.3,0.4,0,0,42.5,25,6.8,2,0
54.9,d_19220901,10.4,4,0.9,0,0,0,34.8,18.7,6.6,1.2,0
57.4,d_19221001,17.7,7.2,1.1,0,0,0,24.9,11.4,1.2,0.4,0
52,d_19221101,13.2,4.9,0.5,0,0,0,34.9,14.6,2.4,1.4,0.2
57.1,d_19221201,28.6,14.4,3.6,0.2,0,0,14.3,4.5,1.8,1,0
29.5,d_19230101,66.3,50.2,23.7,11.9,1.6,0,4.3,2.5,1.2,0.1,0
37,d_19230201,51.8,38.7,18.3,8.9,0.8,0,11.1,6,3.1,1.6,0.4
38.9,d_19230301,47.6,34.8,11.4,3.5,0,0,13.5,6.2,3.3,1.5,0
52.7,d_19230401,26.8,9.2,0.1,0,0,0,20.5,10,3.5,1.1,0
58.8,d_19230501,23.3,13.3,0.8,0,0,0,17.9,8.9,2,0.2,0
61.3,d_19230601,8.8,2.4,0,0,0,0,29.7,16.1,2.5,0.2,0
60.3,d_19230701,9.7,3,0,0,0,0,30,15.2,3.1,0.5,0
57.3,d_19230801,17.7,7.2,0.2,0,0,0,25,11.1,2.4,0.4,0
46.8,d_19230901,6,0.8,0,0,0,0,47.3,29.1,9.3,6.3,2.7
37.9,d_19231001,0.9,0,0,0,0,0,61.1,48.5,20.4,12.4,8.5
39.7,d_19231101,8.8,2.2,0,0,0,0,51.5,32.6,16.9,12.2,8.5
32.1,d_19231201,2.2,1,0.1,0,0,0,65.7,45.9,20.5,13.5,8.9
43,d_19240101,3.7,0.7,0,0,0,0,53.2,32.7,14,10.2,7
22.2,d_19240201,1.1,0.7,0,0,0,0,76.8,57.6,19.6,11,8
17.2,d_19240301,0.6,0,0,0,0,0,82,64.9,28.3,12.9,6.8
15.6,d_19240401,0.5,0,0,0,0,0,84,68.4,35,16.3,7.7
11.7,d_19240501,0.8,0,0,0,0,0,87.3,70.1,35.4,18.7,5.8
26.1,d_19240601,1.2,0.7,0,0,0,0,72.7,45.9,10.7,2.2,0
54.5,d_19240701,16.3,5.5,0.1,0,0,0,29.2,16.6,2.9,0,0
57.5,d_19240801,24.8,10,1.9,1.1,0.1,0,17.8,7.2,0,0,0
51.2,d_19240901,47.7,21.6,5.2,2.8,1.2,0,1,0,0,0,0
38.2,d_19241001,61.3,38.1,12,5.6,2.7,0,0.5,0,0,0,0
16.3,d_19241101,82.7,66.5,24.7,11.9,4,0,1,0,0,0,0
13,d_19241201,86.9,75.5,35.7,20.7,7.1,0,0.2,0,0,0,0
11.8,d_19250101,88,81.2,45.5,23.4,7.2,0,0.2,0,0,0,0
7.7,d_19250201,91,85.7,68.1,54.9,30.5,0,1.3,0.3,0,0,0
10.4,d_19250301,88.7,78.6,62,50.1,38.2,0,1,0.1,0,0,0
13.9,d_19250401,85.1,70.7,53.3,40,28.8,0,0.9,0,0,0,0
23.5,d_19250501,76.4,64.2,46.7,33.8,23.8,0,0,0,0,0,0
10.7,d_19250601,89.4,74.3,57.6,47.4,31.7,0,0,0,0,0,0
20.2,d_19250701,79,68.2,45.5,34.6,23,0,0.8,0,0,0,0
36.7,d_19250801,60,53,38.2,29.4,20.5,0,3.4,1.8,0,0,0
40.7,d_19250901,47.1,42.2,31,24.3,14.8,0,12.3,3.7,0,0,0
40.5,d_19251001,44,34.1,13.6,1.2,0,0,15.5,4.7,0.2,0,0
51.9,d_19251101,27.3,13.5,0.6,0,0,0,20.8,5.5,0.3,0,0
51.1,d_19251201,26.5,13.3,0.3,0,0,0,22.4,7.2,0.4,0,0
70.8,d_19260101,9,4.1,0,0,0,0,20.2,9.7,1,0,0
73.2,d_19260201,14.4,5.4,0.9,0.1,0,0,12.4,6,0.9,0,0
29,d_19260301,1.8,0.7,0,0,0,0,69.2,43.9,6.4,1.8,0
18,d_19260401,1.9,0.1,0,0,0,0,80.1,62,15.8,4.5,0.6
24.8,d_19260501,0,0,0,0,0,0,75.2,51.2,14.9,6.1,1.1
41.7,d_19260601,0.1,0,0,0,0,0,58.3,32.6,7.1,1.4,0
34.5,d_19260701,0,0,0,0,0,0,65.4,31.6,3,0.6,0
33.6,d_19260801,0,0,0,0,0,0,66.3,33.2,4.4,1,0
44.5,d_19260901,0.1,0,0,0,0,0,55.4,35.8,11.9,2.8,0.1
43.1,d_19261001,0.7,0,0,0,0,0,56.1,43.6,15.1,5.9,1.5
33.4,d_19261101,0.1,0,0,0,0,0,66.5,46.3,16.3,6.3,1.9
42.5,d_19261201,1.8,0.3,0,0,0,0,55.5,42,16.3,6.4,1.6
44.9,d_19270101,9.3,2.5,0.2,0,0,0,45.7,34.1,13.8,5.3,0
44.7,d_19270201,7.8,1.9,0.1,0,0,0,47.4,34.2,15.2,7.3,0.7
39.8,d_19270301,9.3,3.3,0.2,0,0,0,50.9,37.6,17.2,8.6,2.4
40.4,d_19270401,14.7,6.4,0.7,0,0,0,44.9,27.8,9.6,3.3,0
53.3,d_19270501,21.8,12.6,2.7,1.3,0,0,24.7,8.4,0.9,0.1,0
53.5,d_19270601,11.4,6.9,0.3,0,0,0,35,13.3,0.4,0,0
42.8,d_19270701,26.2,11,1.1,0,0,0,30.9,15.1,0.3,0,0
47.2,d_19270801,28,18.2,3.1,0.7,0,0,24.9,13,0.4,0,0
56,d_19270901,35.7,19.9,7.2,1.4,0.3,0,8.2,2.3,0,0,0
42,d_19271001,38.9,24.9,6.6,2.7,0.6,0,19.1,9.8,0.1,0,0
41.8,d_19271101,50.1,34.3,10.1,4.4,1,0,8.1,1.4,0,0,0
49.6,d_19271201,46.9,30.6,6.5,1.5,0.3,0,3.5,0.5,0,0,0
41.2,d_19280101,58.9,38,9.9,2.7,0.4,0,0,0,0,0,0
65.7,d_19280201,28.5,16.5,2.6,0.5,0,0,5.8,0.4,0,0,0
47.4,d_19280301,51,33.9,7,1.9,0,0,1.5,0.2,0,0,0
31.7,d_19280401,68.1,48.3,13.8,4.8,0.2,0,0.2,0,0,0,0
58.5,d_19280501,38.4,16.7,2,0.6,0,0,3.1,0.3,0,0,0
64.3,d_19280601,34.8,19.1,1.2,0,0,0,1,0.3,0,0,0
60.2,d_19280701,25.4,9.4,0.3,0,0,0,14.4,5.3,0,0,0
47.1,d_19280801,18.7,6.6,0,0,0,0,34.2,25.6,8.3,1.9,0.4
47.5,d_19280901,22.2,14.4,0.9,0.2,0,0,30.4,13.8,1.8,0.5,0
50.9,d_19281001,20.8,9.6,0.6,0.1,0,0,28.3,16.6,2.7,0.5,0
49,d_19281101,22.5,10.6,1.6,0.4,0,0,28.6,18.6,7,1.7,0
47,d_19281201,16.6,6.3,0.8,0.3,0,0,36.4,21.2,7.5,2.5,0
50.5,d_19290101,9.4,3.2,0.6,0.2,0,0,40.1,23.9,8.3,2.8,0.3
57.1,d_19290201,8.6,3.6,0.6,0.1,0,0,34.2,16,1.1,0.1,0
53.1,d_19290301,9.5,2.4,0.7,0.1,0,0,37.5,26,8.9,1.7,0
59.6,d_19290401,13.2,7,3.3,1.8,0,0,27.1,10.9,1,0,0
43.7,d_19290501,8.1,2.9,0,0,0,0,48.2,29.5,7.2,1.2,0
51.6,d_19290601,10.3,2.6,0,0,0,0,38,19,2.9,0.5,0
61.6,d_19290701,6.1,0.2,0,0,0,0,32.3,20.2,9.9,4.8,1.3
54.1,d_19290801,22.8,8.9,0.2,0,0,0,23.2,15.6,6.6,2.4,0.3
68.9,d_19290901,12.5,3.3,0,0,0,0,18.8,10.2,1.5,0.2,0
66.2,d_19291001,14.3,4.3,0,0,0,0,19.5,10.9,0.7,0,0
60.3,d_19291101,12.3,4.4,0.2,0,0,0,27.4,16.7,3,0,0
61.2,d_19291201,19.5,5.5,0.3,0,0,0,19.4,11.4,0.9,0,0
60.8,d_19300101,17.9,7,0.8,0,0,0,21.3,11.4,1.7,0.2,0
49.4,d_19300201,49.4,28.1,7.5,3,0.5,0,1.2,0,0,0,0
61,d_19300301,36.5,15.5,2.6,0.2,0,0,2.5,0.6,0,0,0
54.6,d_19300401,39.1,17.7,4,1.3,0,0,6.2,1.8,0,0,0
74.5,d_19300501,8.7,3.2,0,0,0,0,16.7,4.6,0.3,0,0
66,d_19300601,17.6,7,0.6,0,0,0,16.3,7.6,1.6,0.1,0
44,d_19300701,46.7,24,3.8,1.3,0,0,9.3,6.5,2.1,0.1,0
29.6,d_19300801,64.3,42.1,11.8,2.8,0.4,0,6.1,2.2,0,0,0
27.3,d_19300901,71.5,50.6,15.7,1.8,0,0,1.3,0.1,0,0,0
53.4,d_19301001,30.4,15.2,1.8,0.5,0,0,16.1,4.8,0.5,0.1,0
54.8,d_19301101,19.6,9.7,0.3,0,0,0,25.5,9.9,2.3,0.8,0.1
58.1,d_19301201,17.5,8.6,1,0.1,0,0,24.5,7.9,1.3,0.2,0
45.6,d_19310101,15.1,5,1,0,0,0,39.3,25.3,3.7,0.6,0
51.4,d_19310201,7.7,3.6,0.8,0,0,0,40.8,22.7,2.8,0,0
46.6,d_19310301,3.1,1.1,0,0,0,0,50.4,33.9,2.8,0.1,0
24.3,d_19310401,2.4,1.3,0,0,0,0,73.3,52.3,15.8,4.2,0
26.4,d_19310501,3.1,1.8,0.1,0,0,0,70.5,51.3,20.5,10.3,3.3
31.1,d_19310601,3.3,1.8,0.2,0,0,0,65.6,48.5,31.1,21.7,10.1
48.3,d_19310701,9.7,3.6,0.2,0,0,0,42,34,20.9,11.1,5.8
40.5,d_19310801,19.6,6.1,0.3,0,0,0,39.9,30.2,13,9.4,4.3
37,d_19310901,41.2,25.4,4.8,0.5,0,0,21.8,13.4,6.6,3.1,0.7
44.5,d_19311001,43.7,24,2.1,0.1,0,0,11.9,5.4,0.9,0,0
40.8,d_19311101,48.9,29.9,11.9,3.5,0,0,10.3,3.9,0.6,0,0
49.8,d_19311201,36.5,20.3,5.4,1.3,0,0,13.6,8.2,1.1,0,0
60,d_19320101,19.4,5.6,1.2,0,0,0,20.5,9.7,0.7,0.1,0
60.2,d_19320201,4.5,1.9,0,0,0,0,35.3,20.7,4.7,2.1,0.4
58.9,d_19320301,4.1,1.2,0,0,0,0,37.1,21.9,6.7,4.2,1.2
54.1,d_19320401,7.1,2.6,0.1,0,0,0,38.8,17.6,5.2,2.1,0.3
52,d_19320501,7.3,1,0,0,0,0,40.7,25,9.9,4.5,1.6
39.1,d_19320601,1.5,0.2,0,0,0,0,59.4,46.6,20.4,13.1,7.1
33.2,d_19320701,0.3,0,0,0,0,0,66.6,50.6,19.2,8.7,3.7
21.9,d_19320801,0.1,0,0,0,0,0,77.9,60.9,29,15.5,5.9
27,d_19320901,1,0,0,0,0,0,71.9,59,39.8,27.3,12.6
36.8,d_19321001,18.2,11.4,1.8,0,0,0,44.9,39.6,26.6,16.8,7.3
28.6,d_19321101,31.2,20.2,12.5,7.5,0.6,0,40.1,32.3,15.9,7.4,0.3
31.2,d_19321201,23.2,14.2,1.8,0,0,0,45.6,38.7,23.2,14.4,4.8
31.5,d_19330101,24.1,12.6,1.2,0.1,0,0,44.4,38.6,24.1,15.7,4.9
40.3,d_19330201,10.6,1.9,0,0,0,0,49.1,40.3,23.6,11.7,0.7
42.8,d_19330301,9.8,5.5,3.6,2.4,0.9,0,47.5,34.8,18.9,8.6,0.7
48.6,d_19330401,12.1,5.7,2.4,1.2,0,0,39.2,25.4,12.4,5.6,0.2
55,d_19330501,17.1,10,2,0.4,0,0,27.9,8.9,1.4,0.1,0
23.3,d_19330601,76.5,61.2,25.1,15.4,7.1,0,0.2,0,0,0,0
43.1,d_19330701,48.2,33.1,18.5,12.3,7,0,8.7,5,1.1,0,0
52.7,d_19330801,29.8,18.4,5,1.9,0.4,0,17.5,11.7,3.6,0.3,0
39.4,d_19330901,48.8,35.5,18.2,8.4,1.8,0,11.9,7.3,2.7,2,0.7
25.8,d_19331001,66.7,46.8,22,8.9,1.2,0,7.4,4.2,2.7,2,0.9
18.9,d_19331101,76.4,57.1,27.7,12,1.5,0,4.9,4.1,2.9,2.1,1
18.7,d_19331201,76.6,58.3,27.5,11.3,1.6,0,4.5,3.9,2.8,2,0.9
33.8,d_19340101,55.8,41.1,12.7,4.6,1.1,0,10.5,6.4,4,3.3,2
23.1,d_19340201,64.9,51.2,15,7,1.1,0,12,6.5,3.9,2.9,1.4
47.1,d_19340301,28.9,16.2,2.9,1,0.3,0,24.1,16.2,6.5,4.3,2.4
63.8,d_19340401,21.9,8,1.6,1.2,1,0,14.2,7.5,4.2,3,0.6
49.5,d_19340501,46.2,23.8,4.8,2.3,1.4,0,4.3,2.3,0.7,0.3,0
38.7,d_19340601,61.4,29.6,8.5,3.1,1.4,0,0,0,0,0,0
42.5,d_19340701,55.7,38.6,14.9,5.2,2.6,0,1.8,0.1,0,0,0
41,d_19340801,56.4,43.8,19.7,7.5,2.6,0,2.6,0.4,0,0,0
33.3,d_19340901,61.5,49.4,20,8.7,2.2,0,5.1,1.2,0,0,0
7.5,d_19341001,92.5,81.1,48.7,28.6,9.2,0,0,0,0,0,0
21,d_19341101,78.3,59.6,33.2,17.2,5.3,0,0.8,0,0,0,0
16,d_19341201,83.6,72,48.5,33.4,15.2,0,0.4,0,0,0,0
10.5,d_19350101,89.5,79.6,57.4,46.3,27.7,0,0,0,0,0,0
20.4,d_19350201,78.8,68.4,47.7,31,13.4,0,0.7,0.1,0,0,0
24.7,d_19350301,68.5,59,36.8,20.2,11.2,0,6.8,3.2,0.2,0,0
33.4,d_19350401,62.4,52.1,27.5,16.3,7.2,0,4.2,0,0,0,0
42.5,d_19350501,29.8,19.5,11,3.7,0,0,27.7,15.6,2.5,0.3,0
28.7,d_19350601,17.3,6.8,0.4,0,0,0,53.9,34.1,10.5,3.9,0.2
15.7,d_19350701,15.9,9.6,2,1.1,0,0,68.5,57,27.9,14.7,4.5
32.9,d_19350801,13.2,7.1,3,1.5,0.9,0,53.9,37.7,16.6,9,3.3
24.8,d_19350901,9.5,5.5,2.4,1.3,0.5,0,65.8,52.2,33,20.6,8.3
23,d_19351001,10.6,6.6,2.6,1.1,0.4,0,66.3,52.6,29.1,16.2,7
23.4,d_19351101,10,5.6,1.4,0.7,0,0,66.6,50.3,24.3,13.2,3.8
19.8,d_19351201,10.1,6.3,2,0.9,0,0,70.2,55,31.3,17.4,6.9
26.7,d_19360101,6.8,2.9,0.7,0,0,0,66.5,53.9,24.8,14.5,5.6
50.5,d_19360201,16.2,8,1.8,0.3,0,0,33.4,20,6.2,1.8,0
60.3,d_19360301,28.2,16,5,1.4,0,0,11.4,4.3,0.1,0,0
60.4,d_19360401,31.1,18.4,6.2,2.4,0,0,8.5,5,1,0.2,0
50.3,d_19360501,12.1,6.6,1.1,0,0,0,37.6,19.6,5.2,3.1,1.3
47.4,d_19360601,38.3,21.8,8.5,4.6,1.4,0,14.4,8.3,1.3,0.1,0
42.7,d_19360701,31.4,21.6,12.1,7.7,3,0,26,17.6,5.6,1.5,0
24,d_19360801,48.8,39.2,24.2,16.8,9.8,0,27.3,21.1,9.6,4.5,0.4
28.1,d_19360901,21.7,14,7.5,4.8,1.8,0,50.3,36.2,10.3,3.2,0.4
30.8,d_19361001,19.7,12.4,4.9,2.1,0.2,0,49.3,33.9,9.7,4,0.7
28.6,d_19361101,18.9,12.3,4.3,1.9,0.4,0,52.5,39.8,11.7,5.2,1.1
33.3,d_19361201,13.6,7.1,1.5,0.9,0.1,0,53,37.9,11.1,5.1,1.4
34.8,d_19370101,7.2,3,0.9,0.2,0,0,58,39.5,13.7,6.5,1.9
47,d_19370201,19.8,12.1,5.9,4.3,2.2,0,33,17.7,2.2,0.5,0
44.9,d_19370301,9.5,6.9,3.1,1.3,0.3,0,45.7,30.3,7,1.8,0.4
50.6,d_19370401,21.1,9.6,1.4,0.7,0.1,0,28.3,13.1,0.3,0,0
35.6,d_19370501,20.7,13.5,3.4,0,0,0,43.7,28.7,6.1,1.7,0
42.9,d_19370601,55,38.8,13.4,1.7,0,0,2.1,0,0,0,0
34.8,d_19370701,62.1,44.6,16.5,3.5,0,0,2.9,0,0,0,0
36.5,d_19370801,60.6,40.4,15.6,7.2,0.8,0,2.9,0.5,0.1,0,0
30.8,d_19370901,64.8,48.4,20.6,7.5,1.2,0,4.3,1.4,0,0,0
30.9,d_19371001,65.4,46.8,18.1,9.5,1.1,0,3.6,1.3,0,0,0
45.1,d_19371101,51.1,31.2,12.6,6.9,0.3,0,3.9,1,0,0,0
55,d_19371201,41.9,23.2,1.2,0,0,0,3.1,0.2,0,0,0
62.6,d_19380101,20.5,6.8,0.2,0,0,0,16.8,5.9,0.5,0,0
60.4,d_19380201,13.4,4.8,1.6,0.7,0.1,0,26,12.8,2.9,0.4,0
55.6,d_19380301,10.2,4.1,1.8,1.1,0.1,0,34.2,16.4,5.4,0.8,0
51.1,d_19380401,5.4,2.5,0.6,0,0,0,43.6,22.2,7.4,3.8,0.4
64.7,d_19380501,1.8,0.4,0,0,0,0,33.5,16.7,2.6,0.1,0
45,d_19380601,1.7,0.7,0,0,0,0,53.3,31.3,6,0.9,0
38.8,d_19380701,0.9,0.2,0,0,0,0,60.4,48,22.3,9.9,2.3
40,d_19380801,3.9,1.7,0.1,0,0,0,56.1,38.7,11,5.8,0.9
64.3,d_19380901,14.1,5.8,0.7,0,0,0,21.5,8.2,0.1,0,0
56.4,d_19381001,39,20.7,6.2,2.3,0.1,0,4.6,1.3,0,0,0
47.1,d_19381101,49.9,28.2,9.4,3.8,0.4,0,2.9,0.4,0,0,0
39.1,d_19381201,57.9,36.9,14.3,5,1.1,0,3,0.5,0,0,0
47.7,d_19390101,46.2,31.6,15.4,7.3,1,0,6.2,2.5,0,0,0
45.5,d_19390201,44.1,31.6,14,4.7,0,0,10.3,3.7,0,0,0
38.3,d_19390301,57.5,46.4,18.3,6.2,0,0,4.1,0.2,0,0,0
21.8,d_19390401,76.6,68,48.9,30.2,11,0,1.7,0.7,0,0,0
21.5,d_19390501,74,60.5,24.8,13,1.7,0,4.6,1.1,0,0,0
45.2,d_19390601,52.1,31.5,11.9,5.3,0.4,0,2.7,0,0,0,0
67,d_19390701,32.2,14.1,0.3,0,0,0,0.9,0,0,0,0
74.3,d_19390801,21,9.1,0,0,0,0,4.7,1.4,0,0,0
56.6,d_19390901,43.4,18.9,1.1,0,0,0,0,0,0,0,0
18.1,d_19391001,82,56.5,18.7,5.9,0.3,0,0,0,0,0,0
24,d_19391101,75.6,53.6,19.5,5.5,0.4,0,0.4,0,0,0,0
27.5,d_19391201,70.8,44.9,14.2,4,0.1,0,1.8,0,0,0,0
28.2,d_19400101,69.4,46.4,16.6,6.8,0.1,0,2.3,0.1,0,0,0
39.2,d_19400201,57.4,34,8,0.7,0,0,3.4,1.5,0,0,0
29,d_19400301,65.5,52.1,29.6,11.8,0.9,0,5.4,2.1,0,0,0
32.1,d_19400401,63.5,46.7,11.5,5.7,0.9,0,4.4,1.8,0,0,0
32.6,d_19400501,60.6,43.4,15.4,5.8,0.7,0,6.8,2.5,0,0,0
43.2,d_19400601,24,11.5,4.2,1.1,0,0,32.8,21.7,5,0.5,0
39.8,d_19400701,23.9,19,5.2,1.4,0,0,36.5,22.1,2.7,0.1,0
37.5,d_19400801,21.4,13.8,2.8,0.3,0,0,41.1,26.1,2.8,0.4,0
53.2,d_19400901,25.9,19.3,6.7,1.6,0.2,0,21,7.5,0.3,0,0
49.3,d_19401001,22.8,16.6,8.3,3,0.6,0,27.9,10.5,0.4,0,0
30.5,d_19401101,17.7,11.4,1.1,0.2,0,0,51.9,36.4,10.3,3.8,0.2
24.2,d_19401201,16.5,9.6,0.7,0.1,0,0,59.4,46,26.2,15.2,4.9
21,d_19410101,16.3,10.6,1,0,0,0,62.6,48.4,21.3,11.4,3.4
22.6,d_19410201,11.1,6.4,2.4,0.6,0,0,66.3,50.5,28.1,19.1,6.8
36.9,d_19410301,3.3,0.9,0,0,0,0,59.9,43.8,20.8,10.1,1.6
10.4,d_19410401,0.2,0,0,0,0,0,89.4,78.3,42,17.4,2.6
7.5,d_19410501,0,0,0,0,0,0,92.6,85.8,66.3,43.2,13.8
0.9,d_19410601,0,0,0,0,0,0,99,97,86.8,72.8,47.3
0,d_19410701,0,0,0,0,0,0,99.9,99.6,92.3,84.7,66.4
0.4,d_19410801,0,0,0,0,0,0,99.5,96.8,80.4,67.6,48.6
1.3,d_19410901,0,0,0,0,0,0,98.7,92.2,71.2,59.2,40.4
1.1,d_19411001,0,0,0,0,0,0,98.8,95.6,79.7,70.7,54.3
3.6,d_19411101,0,0,0,0,0,0,96.4,87.1,71.2,60.1,44.4
10.1,d_19411201,0,0,0,0,0,0,89.9,81.9,64.9,53.2,40.1
21.2,d_19420101,0.7,0,0,0,0,0,78.1,68.7,49.7,42.4,33.2
28.4,d_19420201,0.6,0,0,0,0,0,71.1,58.4,41.4,28.3,11.3
33.3,d_19420301,13.3,2.7,0.1,0,0,0,53.4,45.3,26.3,13.3,5.8
36.6,d_19420401,3,0.6,0,0,0,0,60.4,50.9,33.6,22,9.5
43.7,d_19420501,4.3,1.5,0,0,0,0,52.1,39.1,24.2,10.5,1.8
43.8,d_19420601,16.8,4.1,0,0,0,0,39.4,23.9,9.4,4,2.2
53.9,d_19420701,36,21.2,4,1.4,0,0,10.1,3.9,0.8,0.1,0
64.2,d_19420801,2.8,0.3,0,0,0,0,33.1,14.5,3,0.9,0.1
53.3,d_19420901,2.5,0.2,0,0,0,0,44.2,23.5,3.4,0.3,0
40.2,d_19421001,1,0,0,0,0,0,58.7,35.3,15.3,7,1.2
43.4,d_19421101,2.1,0,0,0,0,0,54.5,32.2,13.3,6.3,0.7
30.6,d_19421201,1.8,0.1,0,0,0,0,67.6,41.2,16.9,9.2,1.3
60.8,d_19430101,3.8,0.9,0,0,0,0,35.3,16.1,2.1,0.4,0
55.3,d_19430201,7,2.3,0.2,0,0,0,37.6,17.8,4.2,0.9,0.1
40.2,d_19430301,12,6.1,0.9,0.1,0,0,47.7,23.7,3.8,0.3,0
46.4,d_19430401,19.3,9.3,2.8,0.8,0,0,34.3,16.8,1.8,0.1,0
59.3,d_19430501,28.3,12,4.4,3,1.8,0,12.4,5.2,0.4,0.1,0
58.3,d_19430601,38.7,23.6,6.6,4.3,2.1,0,3,0.2,0,0,0
45.9,d_19430701,50.4,31.3,13.2,8.7,2,0,3.6,0.8,0,0,0
31.4,d_19430801,67.3,45,18.8,10.6,3.4,0,1.3,0,0,0,0
37.5,d_19430901,61,43.3,19.9,9.3,1.2,0,1.6,0.4,0,0,0
25.4,d_19431001,74.1,53.3,22.3,11,2,0,0.6,0.1,0,0,0
40.4,d_19431101,58,39.8,16.4,6.7,0.7,0,1.6,0.1,0,0,0
52,d_19431201,46.4,26.9,8.1,2.4,0,0,1.5,0,0,0,0
64.3,d_19440101,23.9,12.6,1.9,0,0,0,11.9,4.1,0.4,0,0
69.4,d_19440201,18.9,5.3,0,0,0,0,11.7,3.2,0.5,0,0
56.5,d_19440301,21.3,9.4,0.1,0,0,0,22.1,9.4,3.2,1.8,0.5
59,d_19440401,25.4,9.8,0.1,0,0,0,15.7,5.4,0.1,0,0
39.9,d_19440501,7,0.4,0,0,0,0,53,30.8,10.9,4.4,0.3
63.6,d_19440601,1.7,0,0,0,0,0,34.7,18.1,4.8,0.9,0
53.8,d_19440701,0.1,0,0,0,0,0,46.1,24.7,7.7,1.9,0.1
29,d_19440801,0,0,0,0,0,0,71,45.9,16.6,7.2,1.3
43.6,d_19440901,0.3,0,0,0,0,0,56.2,32.7,9.1,3.3,0.6
72.9,d_19441001,4.2,0.3,0,0,0,0,22.8,9.4,0.8,0,0
67.7,d_19441101,4.7,1.1,0,0,0,0,27.6,10.7,0.8,0.3,0
59.6,d_19441201,2.2,0.1,0,0,0,0,38.1,19.5,3.9,1,0.2
50.1,d_19450101,0.6,0,0,0,0,0,49.2,26.3,4.1,0.6,0
56.3,d_19450201,4.2,1.8,0,0,0,0,39.5,13,0.5,0,0
33.2,d_19450301,1,0.1,0,0,0,0,65.7,45.2,11.6,3.7,0.7
29.5,d_19450401,0.3,0,0,0,0,0,70.3,55,21.6,7.9,1.8
50,d_19450501,11,2.7,0,0,0,0,38.9,20.3,2.5,0.6,0
36,d_19450601,27.1,14.8,6.3,3.8,1.8,0,36.9,26.5,8.6,3.2,0.7
36,d_19450701,14.2,7.3,3.2,2.1,0.5,0,49.9,39.9,23.4,12.1,6
37.8,d_19450801,18.2,10.8,2.9,1.4,0.5,0,44.2,36.9,21.1,13,5
36.8,d_19450901,27,16.3,1.8,0.5,0,0,36.2,28.9,15,8.4,2.6
37.7,d_19451001,21.2,13.7,3.2,1,0,0,41,30.7,14.5,7.6,3.3
38.7,d_19451101,29,18.7,5.8,1.9,0.1,0,32.5,19.9,5.1,2.8,0
43.7,d_19451201,40.3,25.2,8.5,2.5,0.5,0,16,8,1.1,0,0
41.6,d_19460101,32.8,21.5,6.6,2.3,0.6,0,25.5,13.9,2,0.1,0
39.7,d_19460201,19.4,7.8,0.9,0,0,0,40.9,27.1,8.2,2.4,0
45.1,d_19460301,12.5,5.6,0.8,0.1,0,0,42.4,26.6,8.9,2.3,0
56.9,d_19460401,16.7,5.4,0.3,0,0,0,26.5,17.7,3.8,0.6,0.1
44.6,d_19460501,24.2,9,0,0,0,0,31.2,19.7,9.3,3,0
39.2,d_19460601,25.2,17.8,5.5,2.5,0,0,35.5,19.9,7.9,3,0.4
31.5,d_19460701,44.3,34.7,19.3,12.2,3.6,0,24.2,13.4,4.3,1.5,0
23.2,d_19460801,41.4,26.8,12.8,7.4,2.4,0,35.4,28.3,16.5,7.2,0.4
38,d_19460901,21.8,14.3,4.6,1.1,0,0,40.3,31,18.4,9.3,1.4
42.6,d_19461001,23.6,16.4,7.5,3.4,0.4,0,33.8,23.8,9.5,2.8,0.9
37.4,d_19461101,21.5,15.6,7.1,2.4,0,0,41.1,32.8,18.1,8.8,2.2
40.9,d_19461201,17.1,11.3,1.6,0,0,0,41.9,29,12,5.4,1.4
39.6,d_19470101,12,6.5,0,0,0,0,48.4,32.8,14.9,8.1,2.2
52.8,d_19470201,14.3,5,0.3,0,0,0,32.9,20.5,4.7,1.4,0.2
50.5,d_19470301,8.7,2.7,0.7,0.4,0,0,40.8,23.3,4.1,1.2,0
44.7,d_19470401,5.6,1.8,0.1,0,0,0,49.8,30.3,11.2,4.3,0.5
39.7,d_19470501,1.8,0.7,0.1,0,0,0,58.5,37.2,16.5,11.1,5.4
52,d_19470601,5.1,1.2,0.1,0,0,0,42.8,21.8,7.5,3.1,0.8
69.5,d_19470701,11.7,3.9,0.7,0.2,0,0,18.8,6.4,0.4,0,0
70.6,d_19470801,21.3,7.9,0.7,0.2,0,0,8.1,1.2,0,0,0
50.1,d_19470901,49.8,23.7,4.2,1.1,0,0,0.1,0,0,0,0
22.4,d_19471001,77.7,58.6,20.2,7.9,1.6,0,0,0,0,0,0
40.5,d_19471101,59.3,35.2,8.9,3.2,0.3,0,0.2,0,0,0,0
39.6,d_19471201,58.7,38.5,9.2,3.8,0.2,0,1.8,0.4,0,0,0
40.4,d_19480101,58.1,36.8,10.8,4.3,0.3,0,1.3,0.2,0,0,0
27.2,d_19480201,69.4,54.1,25.3,14.9,6,0,3.4,1.2,0.2,0,0
24.1,d_19480301,72,57.4,27.3,15.1,5.4,0,3.9,0.9,0,0,0
30,d_19480401,64.8,47.2,19,11.8,1.1,0,5.3,1.8,0.1,0,0
28,d_19480501,67.7,49,14.1,3.1,0,0,4.4,1.6,0.4,0.1,0
47.9,d_19480601,45.8,21.5,4.4,0.7,0,0,6.3,2,0.3,0,0
62.8,d_19480701,22.8,8.2,0.5,0,0,0,14.5,4.7,0.8,0.3,0
43.2,d_19480801,46.9,24.3,3.5,1.1,0,0,10,5.5,1.3,0.6,0.2
28.9,d_19480901,63.3,43.9,13.4,3.9,0.7,0,7.8,3.7,0.6,0.2,0
26.7,d_19481001,66.9,52.7,23.1,11.1,1.7,0,6.5,3.6,0.6,0,0
19.5,d_19481101,76.1,63.4,35.7,18,3.2,0,4.4,1.5,0.1,0,0
18,d_19481201,79.1,66.7,37,17,4.7,0,2.8,0.9,0,0,0
37.6,d_19490101,55.2,32.5,10.3,5.4,1.5,0,7.2,2.9,0.4,0,0
43,d_19490201,45.3,25.5,6,0.9,0.1,0,11.8,5.3,0.7,0.2,0
49.2,d_19490301,40.1,21.3,2,0.4,0,0,10.7,4.1,0,0,0
56.3,d_19490401,19.8,10.9,2.2,0.8,0.1,0,23.8,13.8,1,0.2,0
54.2,d_19490501,11.5,4.8,0.4,0,0,0,34.4,17.5,3.2,0.4,0
38.8,d_19490601,4.5,1.2,0,0,0,0,56.8,34.7,9.2,3.6,0.2
34.6,d_19490701,1.1,0.2,0,0,0,0,64.3,42.2,14.1,7.6,3.6
28.4,d_19490801,1.2,0.1,0,0,0,0,70.4,51.9,19.9,9.1,2.4
22.7,d_19490901,0.6,0,0,0,0,0,76.6,58.2,17.9,7.8,1.2
24.6,d_19491001,0.8,0.1,0,0,0,0,74.7,49.6,18.6,4.9,0.6
43.5,d_19491101,4.2,1.2,0,0,0,0,52.3,27.5,4,0.2,0
38.2,d_19491201,4.2,1.9,0.1,0,0,0,57.6,34.5,7,0.6,0
48.6,d_19500101,10.9,6.6,0.9,0,0,0,40.5,20.6,2.2,0,0
58,d_19500201,7.2,2.6,0,0,0,0,34.8,21.7,6.8,2.3,0.2
55.8,d_19500301,23.6,9.5,1,0.1,0,0,20.6,13.4,6.9,2,0
55.3,d_19500401,21.9,12.6,3.6,1.4,0.5,0,22.8,13,5.7,1.6,0
54.6,d_19500501,17.4,12.6,6.1,1.9,0.5,0,28.1,17.8,7.2,2.5,0.3
55.1,d_19500601,19,10,4.2,2.3,0.8,0,25.9,16.2,7.4,4.3,1.2
62.3,d_19500701,11,4.6,0.5,0.1,0,0,26.6,12.4,2.6,0.7,0
52.9,d_19500801,7.7,3.2,0.8,0.3,0,0,39.5,25,10.7,6.1,1.9
39.5,d_19500901,13.3,7.1,2.5,0.8,0.3,0,47.2,33.7,17.3,9.6,4.2
46.6,d_19501001,19.8,11.7,4.4,2,0.5,0,33.7,20.5,6.7,3.7,1.6
44.3,d_19501101,32.8,21.5,8.3,4.7,1.3,0,23,11.8,4.4,2.8,1.5
42.5,d_19501201,35.8,24.8,11.1,6.7,2.9,0,21.7,12.1,4.9,3,1.7
35,d_19510101,45.6,34.5,19.6,13.1,5.1,0,19.4,12.8,5.9,3.1,2
27.3,d_19510201,56.3,41.9,23.5,13.6,7.4,0,16.5,12.5,8,4.7,2.3
33.5,d_19510301,50.5,40.7,25.7,16.4,8.1,0,16,12.2,7.9,5,1.8
20.3,d_19510401,77.1,63.8,44.7,32.1,14.2,0,2.7,1.2,0.1,0,0
17.1,d_19510501,73.5,63.6,44.1,28.8,7.8,0,9.3,6.8,2.6,1.4,0
8.2,d_19510601,87.1,76.8,47.9,27.1,10.4,0,4.6,2.7,0.8,0.4,0.1
11.4,d_19510701,82.4,69,35.7,19.3,5.7,0,6.1,3.8,1.1,0.6,0.2
14.3,d_19510801,79.4,65,32,17.4,4.2,0,6.3,3.9,1.2,0.6,0.2
36.6,d_19510901,56.2,35.8,13.8,7.5,2.5,0,7.1,3.3,0.9,0.4,0
32.3,d_19511001,61.7,45.8,17.8,9,3.8,0,5.9,2.5,0.8,0.3,0
25.7,d_19511101,69.2,53.1,22.5,11.2,4.7,0,5,2.1,0.5,0.1,0
20.3,d_19511201,76.5,63.4,39.4,22.4,9.3,0,3.2,1.5,0.5,0.1,0
21.6,d_19520101,73.8,61.2,38.3,21.5,10.7,0,4.6,2.1,0.7,0.2,0
20.8,d_19520201,79,63.6,38.4,27.5,13.9,0,0,0,0,0,0
11.2,d_19520301,88.7,74.7,51.1,34.6,16.3,0,0,0,0,0,0
31.7,d_19520401,66.8,51.1,32.5,19,6.3,0,1.5,0.9,0,0,0
40.6,d_19520501,54.7,40.9,20.8,11.9,4.4,0,4.6,1.8,0.4,0,0
20.5,d_19520601,78.9,56.6,25.4,16.6,7,0,0.6,0.2,0,0,0
32.4,d_19520701,64.2,45.4,21.2,12.8,6,0,3.5,1.1,0,0,0
25.9,d_19520801,72.4,57.2,30.3,18.7,9.5,0,1.6,0.8,0,0,0
24.6,d_19520901,72.1,54.9,30.1,15.8,5.4,0,3.3,1,0.2,0,0
17,d_19521001,81.8,72.8,45.7,31.2,15,0,1.2,0.6,0,0,0
26.1,d_19521101,70.3,56.1,33.3,19.7,7.4,0,3.4,0.9,0,0,0
28.5,d_19521201,65.9,53.7,31.3,16.5,5.7,0,5.7,1.7,0.3,0,0
14.1,d_19530101,84.2,73.3,51.6,35.1,17.8,0,1.7,0.5,0,0,0
9.4,d_19530201,89.6,81.6,56.3,39.4,22.6,0,0.9,0.1,0,0,0
18.7,d_19530301,80.3,66.4,40.2,25.5,9.5,0,1,0.3,0,0,0
22.7,d_19530401,75.8,64.2,51.4,39.8,17.4,0,1.5,0.4,0,0,0
29.9,d_19530501,62.2,57.8,44.1,31.7,14.9,0,8,3.4,0.9,0.1,0
23.8,d_19530601,70.1,65.2,51.4,37.5,21.9,0,6.2,3,1.5,0.2,0
24.5,d_19530701,60.6,51,30.1,18.2,5.3,0,15,9.4,3.3,1.8,0.2
30.1,d_19530801,58.5,47.3,29.3,19.4,9.8,0,11.5,6.9,2.5,1.5,0.1
23.6,d_19530901,69.5,59.1,39.4,27.8,13.1,0,6.9,4,2,0.8,0
42.2,d_19531001,48.2,37,18.2,11.8,3.6,0,9.6,4.5,2,0.6,0
42.5,d_19531101,50.4,40.2,20.4,13.2,6.3,0,7,2.8,0.4,0,0
34.9,d_19531201,54.4,43.7,26,16.9,9,0,10.6,4,0.5,0,0
39.5,d_19540101,56.1,43.6,28.4,19,10.9,0,4.5,1.3,0,0,0
30.9,d_19540201,68.6,48.9,25.8,15.8,8.8,0,0.4,0,0,0,0
35.3,d_19540301,64,46.1,19.9,10.9,2,0,0.9,0,0,0,0
43.8,d_19540401,52.8,35.6,12.7,5.3,1.8,0,3.5,0.5,0,0,0
41,d_19540501,54.4,36.7,10.1,3.2,0,0,4.4,1,0,0,0
42.9,d_19540601,45.6,33.2,11.2,3.6,0.3,0,11.5,4.4,0.4,0,0
23.6,d_19540701,75.2,60.1,31.8,18.5,8.4,0,1.4,0.6,0.1,0,0
27.1,d_19540801,70.7,60.2,35,21.4,10.2,0,2.3,0.9,0,0,0
17.1,d_19540901,82.4,68.7,48.1,35,21.9,0,0.5,0.1,0,0,0
20,d_19541001,78.1,64,39.7,24.6,13,0,1.8,0.7,0,0,0
20.3,d_19541101,77.4,59.6,32,18.9,7.8,0,2.3,1.2,0.2,0,0
22.2,d_19541201,75.6,54.5,28.7,17,7.8,0,2.3,1.1,0.1,0,0
15.2,d_19550101,84.2,70.4,39,22.8,8.3,0,0.6,0,0,0,0
9,d_19550201,90.4,79.7,50,31,14.6,0,0.5,0,0,0,0
8.8,d_19550301,91.2,82.4,58.7,35.4,18,0,0,0,0,0,0
14.3,d_19550401,85,74.7,51.1,33.3,14.3,0,0.7,0.1,0,0,0
22.1,d_19550501,77.3,57.9,28.1,13.2,3.8,0,0.6,0,0,0,0
43.7,d_19550601,53.9,36.5,14.3,6.5,1,0,2.4,0.1,0,0,0
38.1,d_19550701,56.9,38,10.9,6,2.1,0,5.1,1,0,0,0
53,d_19550801,42.7,24.8,10.1,6.2,3.4,0,4.3,0.9,0.1,0,0
60.4,d_19550901,29.8,13.2,1.9,0.3,0,0,9.9,2.9,0.5,0.1,0
48.3,d_19551001,45.3,22.4,3.9,0.6,0,0,6.4,2.8,0.7,0.2,0
38.9,d_19551101,57,34.7,9.6,3.1,0.1,0,4.2,1.6,0.3,0,0
37.7,d_19551201,58.8,37.3,10.1,2.7,0,0,3.4,1.2,0,0,0
41.8,d_19560101,53.2,36,10.5,2.8,0.2,0,5,2,0.4,0,0
37.5,d_19560201,60.1,42,13.2,5.5,1.8,0,2.4,0.6,0,0,0
28.5,d_19560301,69.7,56.1,28.8,17,6,0,1.7,0.8,0.1,0,0
12.3,d_19560401,85.6,72.3,44,26.6,11.9,0,2,1,0.1,0,0
16,d_19560501,82.1,71.1,53.9,37.8,16.3,0,1.9,0.8,0,0,0
3.6,d_19560601,96.3,88.6,72.1,58.3,36.6,0,0.1,0,0,0,0
0.2,d_19560701,99.8,96.7,81.6,66.1,40.4,0,0,0,0,0,0
0.2,d_19560801,99.9,99,84.6,67.6,45.5,0,0,0,0,0,0
0,d_19560901,100.1,99.8,91.2,77.4,52,0,0,0,0,0,0
0,d_19561001,100.1,99.3,92,79.6,52.9,0,0,0,0,0,0
0,d_19561101,100,99.8,95.5,87.6,65.2,0,0,0,0,0,0
0,d_19561201,99.9,99.4,91.7,78,48.3,0,0,0,0,0,0
0,d_19570101,100.1,99.5,91.1,77.3,49.5,0,0,0,0,0,0
0.1,d_19570201,99.9,99.3,86.3,63.2,22.5,0,0,0,0,0,0
6.7,d_19570301,93.2,79.8,35.9,17,6.4,0,0,0,0,0,0
51.3,d_19570401,31.9,20.7,8.1,3.1,0.7,0,16.8,7.3,0.1,0,0
42.6,d_19570501,8.8,5.9,2.2,1.4,0.2,0,48.7,33.4,16.2,9.9,3.2
23.9,d_19570601,6.8,4.8,2,1.5,0.8,0,69.3,51.8,26,15.4,6.8
27.6,d_19570701,6.6,3.3,0.8,0,0,0,65.8,50.4,25.7,15.1,6.4
25.9,d_19570801,8.6,5,0.1,0,0,0,65.6,52,23.9,13.1,4.9
23.8,d_19570901,10.3,7.2,1.4,0.2,0,0,65.9,54.8,28.6,17.8,5
19.7,d_19571001,6.3,1.7,0.1,0,0,0,74,65.5,46.8,33.1,17
16.1,d_19571101,9.2,5.4,1.6,0.9,0,0,74.7,68.4,53.6,42.3,26.9
19.5,d_19571201,11.6,6.2,1.6,0.9,0,0,68.9,62.3,45.4,32.3,14.5
25.2,d_19580101,6.9,3.2,0.6,0,0,0,67.9,54.7,20.7,5.9,0.9
37.8,d_19580201,11.4,6.4,0.6,0,0,0,50.7,34.5,13.1,3.5,0
43.1,d_19580301,2.3,0.2,0,0,0,0,54.6,34.1,10.2,3.7,0.1
25.5,d_19580401,0.6,0,0,0,0,0,73.9,54.4,19.1,7,0.8
18.1,d_19580501,0,0,0,0,0,0,81.9,59.8,23.4,8.2,0.5
19.1,d_19580601,0.6,0.1,0,0,0,0,80.3,57.8,17.2,7.2,0.8
29.5,d_19580701,5.6,1.9,0,0,0,0,64.9,43.4,11.5,3.8,0.7
45.5,d_19580801,12.1,6.7,0.5,0,0,0,42.4,22.2,4.8,1.3,0.1
28.5,d_19580901,0.2,0,0,0,0,0,71.4,51.7,19.3,6.6,1.2
39.3,d_19581001,2.1,0.5,0,0,0,0,58.7,41.9,15.9,6.4,1.4
47.9,d_19581101,3.8,1.2,0,0,0,0,48.3,30.4,8.5,3.4,0.4
54.2,d_19581201,8.7,2.4,0.1,0,0,0,37,22.8,5.7,2.1,0
45.7,d_19590101,25.2,10.6,0.9,0.1,0,0,29,19.3,5.7,2.7,0.4
44.8,d_19590201,20.3,12.8,2.7,0.4,0,0,34.9,22.7,9.3,3.7,0.6
43.7,d_19590301,25,14.5,4.3,1.1,0.1,0,31.3,18.2,7,2.4,0.5
33.2,d_19590401,29.8,23.4,14.4,8.9,3.5,0,36.9,23.5,7.6,1.9,0.4
29.4,d_19590501,28,17.6,7.6,4.9,2.2,0,42.5,32.8,10.3,3.5,0.5
51.5,d_19590601,29.3,15.3,3.2,0.2,0,0,19.2,9.2,0.9,0.5,0.1
63.4,d_19590701,16.3,4.8,0.7,0.5,0.2,0,20.3,6.9,0.6,0,0
61.1,d_19590801,14.5,5.7,0.4,0.1,0,0,24.4,11.9,1.1,0.2,0
61.4,d_19590901,16,7.6,1.4,0.2,0,0,22.6,10.8,1.9,0.5,0
40.9,d_19591001,8.2,5.4,0.8,0.1,0,0,51,34.2,11,3.6,0.2
46,d_19591101,10,5.9,1.3,0.2,0,0,44,25.2,4.5,0.6,0
25.8,d_19591201,9.3,5.5,1.4,0.4,0,0,64.9,45.7,15.2,6,0.4
25.9,d_19600101,7.8,4.3,0.8,0,0,0,66.3,48.6,19.8,8.9,1.3
22.7,d_19600201,8.8,5.9,0.4,0,0,0,68.5,49,18.3,7.9,2.3
38.2,d_19600301,9.1,5.7,0.6,0,0,0,52.7,30.7,7.7,2.3,0.1
60.6,d_19600401,14.1,4.7,0.5,0,0,0,25.2,11.1,1.2,0.1,0
63,d_19600501,25.5,10.4,1.6,0.4,0,0,11.5,3.5,0,0,0
71.1,d_19600601,9.1,2.2,0,0,0,0,19.8,9.8,2.7,1.6,0.2
58.1,d_19600701,14.8,3.5,0.3,0,0,0,27.2,16.1,9.8,6,2.7
56.7,d_19600801,3.7,0.2,0,0,0,0,39.6,23.4,13.4,8.4,4
57.4,d_19600901,21.3,9.2,0.9,0.1,0,0,21.4,14.3,6.6,3.4,0.8
43.2,d_19601001,17,8.1,0.7,0.1,0,0,39.7,29.3,16.4,9.8,2.6
38.1,d_19601101,22.5,12.9,3.1,0.6,0,0,39.5,30,14.2,6.6,1.4
35,d_19601201,8.2,3.2,0.4,0,0,0,56.7,43.6,24.7,14.3,3.8
27.9,d_19610101,1.4,0,0,0,0,0,70.7,56.2,31.1,18.5,5.8
15.2,d_19610201,0.1,0,0,0,0,0,84.6,69.2,48.1,34.6,15.8
8.5,d_19610301,0,0,0,0,0,0,91.4,78.5,46.8,29,10.8
35.8,d_19610401,3.5,0.5,0,0,0,0,60.7,46.5,20.6,8.8,1.1
54.2,d_19610501,6,0.9,0,0,0,0,39.7,22.6,3.2,1,0.3
18.5,d_19610601,0.3,0,0,0,0,0,81.3,60,18.7,3.6,0.2
31.4,d_19610701,2.7,1.1,0,0,0,0,65.8,44.5,14.3,4.5,0.1
34.2,d_19610801,3.1,1.6,0,0,0,0,62.7,42.6,13.5,4.9,0.5
49.3,d_19610901,11.6,4.8,1.6,0.9,0,0,39.1,26.7,8.3,2,0
54.5,d_19611001,20.4,11.4,3.5,2.1,1.2,0,25.1,11.3,1.3,0.2,0
53.6,d_19611101,18.8,9.8,2,0.4,0,0,27.6,13,2.5,0.5,0.1
55.2,d_19611201,22.6,12,2.5,1.3,0,0,22.3,10.2,2.2,0.5,0.1
48.3,d_19620101,19,11.5,2.5,0,0,0,32.7,16.5,3.7,1,0.1
44,d_19620201,15.7,7.2,1.8,0.6,0,0,40.3,20.8,5.5,1.5,0.1
52.4,d_19620301,37.1,22.6,5.4,0.9,0,0,10.4,2.6,0,0,0
45.4,d_19620401,52.6,34,10.5,2.7,0.3,0,2,0.2,0,0,0
29.1,d_19620501,70.7,49.3,19.6,7.7,2.3,0,0.2,0,0,0,0
41.9,d_19620601,55.9,31.5,5.1,0.7,0,0,2.1,0.4,0,0,0
41.3,d_19620701,46.4,28.8,7.6,1.7,0,0,12.4,4.9,0.8,0.2,0
31.6,d_19620801,65.5,53.4,26.9,10.1,1,0,2.7,1,0.2,0,0
37.3,d_19620901,47.3,31.9,11.6,2.9,0,0,15.4,8.4,1.1,0.1,0
38.2,d_19621001,45.4,29.3,8.9,2,0,0,16.4,9.6,1.3,0,0
44.5,d_19621101,37.6,20.7,3.9,0.5,0,0,18,11.6,3.6,1,0
51.7,d_19621201,28.3,15.2,2.6,0.4,0,0,20,11.5,3.2,1,0
40,d_19630101,43.6,28,9.6,3.2,0.2,0,16.4,9.1,2.3,0.5,0
44.4,d_19630201,27.6,11.6,0.5,0,0,0,28,18.8,5.8,2.3,0.1
33.7,d_19630301,52.4,38.7,13.4,4,0.1,0,13.9,6.9,0.7,0,0
36.2,d_19630401,56.5,38.3,12.2,4.3,1.1,0,7.4,2.1,0,0,0
36.8,d_19630501,43.7,26.5,7.7,1.6,0,0,19.7,10.6,1.8,0.2,0
35.8,d_19630601,55.8,39.7,11.1,3.5,0,0,8.4,2.8,0.2,0,0
34,d_19630701,61.7,45.4,17.3,6.2,0.9,0,4.3,1.6,0,0,0
28.9,d_19630801,65,53.6,30.2,16,4.9,0,6.2,1.9,0,0,0
29.7,d_19630901,68.6,54.1,33.9,21.5,6.6,0,1.6,0.2,0,0,0
28.4,d_19631001,70.6,58.7,36.1,24.9,10.9,0,1,0.1,0,0,0
34.2,d_19631101,64.4,48.5,24.4,12.5,3.1,0,1.5,0.1,0,0,0
38.5,d_19631201,59,42.7,17.1,6,1.3,0,2.5,0.3,0,0,0
44.1,d_19640101,52.7,37.1,16.4,10.4,2.7,0,3.2,0.5,0,0,0
42.8,d_19640201,54.7,33.7,15.3,7.5,1.4,0,2.4,0.6,0,0,0
39.3,d_19640301,59.3,38.3,13.1,3.4,0,0,1.4,0.7,0,0,0
38.6,d_19640401,59.9,38.6,14.4,6.1,0.6,0,1.5,0.4,0,0,0
32.4,d_19640501,65,44.4,16.8,7.3,1,0,2.5,1.1,0.1,0,0
32.8,d_19640601,66.3,42.7,14.1,4.8,0.6,0,0.9,0.3,0.1,0,0
36.8,d_19640701,62.8,39.4,16.2,8.1,1.7,0,0.4,0.1,0,0,0
29.3,d_19640801,70.5,47.9,20.8,11.9,5.5,0,0.1,0,0,0,0
44,d_19640901,42,26,6.9,2.9,0.2,0,14,6,0.2,0,0
36.8,d_19641001,57.3,40,12.9,5.4,1.1,0,5.9,1.7,0,0,0
36.2,d_19641101,55.6,40.3,13.4,4.8,0.6,0,8.3,3.7,0.4,0,0
36.5,d_19641201,58.7,43.1,15.4,5.1,0.5,0,4.6,1.5,0,0,0
41.3,d_19650101,52.5,38,14.8,6.2,1,0,6.2,2.2,0,0,0
43.1,d_19650201,35.5,25.8,7.7,2.9,0.3,0,21.5,10.3,0.7,0,0
40.4,d_19650301,34.7,22.7,9,4.5,1,0,24.9,13.7,1.7,0.2,0
42.5,d_19650401,32.5,20.4,4.8,1.4,0.1,0,25.1,15.5,2.6,0.5,0
42.7,d_19650501,19.7,9.7,0.5,0.1,0,0,37.6,26.8,9.9,1.7,0
55.3,d_19650601,24.5,12.7,3.3,0,0,0,20.2,10.6,2,0.5,0
52.7,d_19650701,25.9,15.4,2.5,0.1,0,0,21.3,12.1,2.8,0.6,0.1
55.4,d_19650801,27.6,13.3,2,0.5,0,0,17,8.2,1.3,0,0
56.7,d_19650901,21.1,10,1.8,0,0,0,22.2,11.6,2.7,0.6,0
53.5,d_19651001,26.9,13.8,1.5,0.2,0,0,19.7,9.4,1.2,0.1,0
45.3,d_19651101,43.1,24.7,4.7,0.8,0,0,11.5,4.9,0.6,0,0
50.7,d_19651201,30.7,14.4,2.5,0.4,0,0,18.6,9.2,1,0.1,0
55,d_19660101,21.3,8.5,0.8,0,0,0,23.6,12.6,2.1,0.8,0
47.2,d_19660201,38.8,21.3,4.5,1.3,0.2,0,14,6.3,1.8,0.7,0
42.5,d_19660301,49.9,33.8,10.9,4.7,0.8,0,7.7,2.3,0,0,0
47.7,d_19660401,14,7.3,1.8,0.4,0,0,38.3,19.8,1.7,0.2,0
41.5,d_19660501,22.4,12.3,4.6,1.9,0.4,0,36.3,20.3,7.5,4.9,1.8
53.2,d_19660601,20.7,11.4,4.6,2.2,0,0,26.1,17.1,8.7,5.7,2.9
48,d_19660701,26.5,16.1,6.5,2.8,0.6,0,25.4,15.6,7.7,5.6,2.5
37.9,d_19660801,6,3,0.1,0,0,0,56.1,35.5,14.1,9.2,4.8
41.8,d_19660901,4.7,1.9,0.2,0,0,0,53.5,34.5,10.7,3.4,0
50.7,d_19661001,7.4,4.5,0.7,0.2,0,0,41.9,23.1,4.8,1,0.1
53.8,d_19661101,17.5,8.6,2,0.7,0.2,0,28.7,13.2,2.6,0.3,0
54.1,d_19661201,18.4,8.1,1.2,0.5,0.1,0,27.4,13.8,2.2,0.1,0
40,d_19670101,50.1,32.5,7.3,1.9,0.1,0,9.8,3.9,0.1,0,0
41.3,d_19670201,52,35.5,11,2.8,0,0,6.7,3.8,0,0,0
38.2,d_19670301,57.5,40.6,13.1,3,0.1,0,4.2,1.1,0,0,0
42.5,d_19670401,47.1,30.4,8.2,2,0.2,0,10.4,5.5,0,0,0
17.3,d_19670501,82.2,71,41.7,21.6,5.9,0,0.5,0,0,0,0
15.2,d_19670601,83.1,74.6,55.4,40.4,22.2,0,1.8,0.3,0,0,0
22.2,d_19670701,76.2,65.7,44,26.4,9.1,0,1.6,0.4,0,0,0
27.7,d_19670801,69.2,56,26.1,10.3,2.7,0,3.1,1.2,0,0,0
49.1,d_19670901,34.2,18.2,3.3,0.6,0,0,16.6,11.8,8.1,4.6,2
50.4,d_19671001,30.1,12.6,1.8,0.6,0.1,0,19.5,14.2,7.7,3.8,1.6
52.3,d_19671101,25.7,14.3,3.7,0.8,0,0,22,15.4,8.4,4.8,2.2
52.1,d_19671201,21.9,9.4,1.4,0.1,0,0,25.9,17.3,10,5.6,3
41.9,d_19680101,12.1,4.5,0.8,0,0,0,46.1,31.7,15.1,10,4.8
38.1,d_19680201,10.1,5.1,1.6,0.4,0,0,51.8,37.9,17.8,11.7,7.3
33.4,d_19680301,10.6,4.5,0.5,0,0,0,55.9,48.8,31.7,19.9,10.8
33,d_19680401,11.7,6,1.5,0,0,0,55.2,46.7,30.9,20.8,11.9
31.9,d_19680501,3.9,0.5,0,0,0,0,64,54,37.4,26.4,12
33.2,d_19680601,6.4,2.7,0.3,0,0,0,60.5,46.2,19,5.9,0.8
17,d_19680701,1.6,0.6,0.1,0,0,0,81.4,62.7,26,10.9,1.4
14.7,d_19680801,1,0.6,0.2,0.1,0,0,84.3,68.6,30.8,12.2,1.8
21.1,d_19680901,1.4,0.8,0.2,0,0,0,77.4,57.5,29.5,14,2.7
48.7,d_19681001,4.3,1.5,0.6,0.3,0,0,46.9,29.1,7.7,1.7,0
40.6,d_19681101,2.7,1.4,0.6,0.3,0,0,56.7,38.4,12.9,4.5,0.3
51.2,d_19681201,5.2,1.9,0.8,0.5,0.1,0,43.6,29.2,11.5,5.2,0.9
53.2,d_19690101,10.3,3.1,1,0.6,0.2,0,36.6,21.6,5.5,1.2,0
58.1,d_19690201,8.8,2.3,0.9,0.5,0,0,33.2,16.4,3,0.4,0
61.4,d_19690301,5.5,1.3,0.2,0,0,0,33.2,15.7,1.6,0.1,0
65.1,d_19690401,7.4,1.9,0,0,0,0,27.4,13.1,1.5,0.3,0
51.5,d_19690501,6.4,2.7,0.2,0,0,0,42.1,20.8,4.2,1.1,0
63.2,d_19690601,8.9,1.8,0,0,0,0,27.8,10.6,0.8,0,0
58.7,d_19690701,10.1,5.5,0.8,0.2,0,0,31.1,13.6,2.3,0.1,0
66.5,d_19690801,16,7.9,1.5,0.2,0,0,17.6,6.9,0.9,0.4,0.1
58.2,d_19690901,14.6,7.1,0.6,0,0,0,27.3,14.6,4.2,1.3,0.2
38.6,d_19691001,8.1,4.2,0.2,0,0,0,53.3,35.9,12.6,4.6,0.4
44.1,d_19691101,9,3,0,0,0,0,46.9,33.5,11.3,3.1,0.2
44.4,d_19691201,10.3,3,0.1,0,0,0,45.4,32.7,11.1,2.9,0.2
40.6,d_19700101,19.6,10.9,2,0.2,0,0,39.8,25.5,4.8,1.1,0.3
45.5,d_19700201,16.6,11.4,4,1.5,0.5,0,38,21.5,3.7,0.5,0
37.6,d_19700301,8.2,4.3,1.3,0.6,0,0,54.1,38.4,12.6,2.7,0.1
32.5,d_19700401,7.2,4.7,1.9,0.8,0,0,60.3,42,17.7,3.8,0.1
36.2,d_19700501,7.9,5,1,0.2,0,0,56.1,38.9,9.8,2,0
34.7,d_19700601,15,10,4.5,2.6,1,0,50.4,31.7,4.6,0.1,0
49.9,d_19700701,30.6,22.7,12.6,7.6,4,0,19.4,7.8,1.1,0,0
47,d_19700801,38.2,26.2,14.3,9.4,4.3,0,14.8,5.7,0.7,0.2,0
43.1,d_19700901,31.2,21.2,10,6.5,3.1,0,25.8,14.3,4.9,1.7,0
49,d_19701001,24.4,15.3,8.1,5.3,2.6,0,26.7,16.9,5.3,1.7,0
45,d_19701101,40,25.3,9.9,5.7,2.7,0,14.9,9.6,2.2,0.1,0
30.7,d_19701201,59.6,44.6,23.4,13.8,6.8,0,9.7,5.2,0.1,0,0
24.5,d_19710101,67.9,55.5,33.9,21.6,11,0,7.7,4.1,0.1,0,0
22.1,d_19710201,73.1,62,37.1,22.5,7.7,0,4.9,3.4,0.2,0,0
16.4,d_19710301,81.1,67.7,43.7,28.8,10.4,0,2.4,0.4,0,0,0
18.2,d_19710401,78.5,63.7,33.7,16.8,3.2,0,3.4,1.9,0,0,0
17,d_19710501,81,66.9,36.2,20,5,0,2,0.6,0,0,0
4.4,d_19710601,95.5,91.2,72.6,52.8,26.2,0,0,0,0,0,0
7.4,d_19710701,92.5,86.7,66.4,50.3,31.3,0,0,0,0,0,0
29.5,d_19710801,58.4,45.7,23.5,13.6,4.9,0,12.1,8.4,1.7,0.1,0
39.7,d_19710901,32.7,21.6,7.6,3.8,1.2,0,27.5,17.7,6.1,2.8,0.6
43.4,d_19711001,14.7,7.2,1.8,0.2,0,0,41.9,26.9,12.9,7.9,3.6
42,d_19711101,15,6.9,1.1,0.2,0,0,43.1,26,12.3,7.5,3.4
36.7,d_19711201,2.4,0.5,0,0,0,0,60.9,40,17.8,10.1,5
33.8,d_19720101,0.5,0,0,0,0,0,65.6,43.7,18.4,10.1,5.2
31.3,d_19720201,1.4,0,0,0,0,0,67.3,47.5,21.4,12.4,6.8
28.4,d_19720301,0.7,0,0,0,0,0,70.7,49.3,20.1,11.1,4.8
35.2,d_19720401,3.7,0.6,0.1,0,0,0,61.1,40.7,13.9,8.3,5.1
56.4,d_19720501,11.2,4.8,0.5,0.2,0,0,32.5,19.7,8.9,6.3,3.5
60.7,d_19720601,19,6.9,0.7,0.1,0,0,20.4,13.3,2.6,0.6,0
46,d_19720701,39.9,20.6,2.1,0.2,0,0,14,7.7,1.2,0.2,0
52.4,d_19720801,17.9,7.8,0.9,0.1,0,0,29.6,16.3,4,0.5,0
43.6,d_19720901,24.2,15,7,4.7,1.9,0,32.3,17.5,5.5,1.5,0
49.9,d_19721001,15.1,7.3,2,0.5,0,0,35.1,20,6.2,2.3,0.1
50.5,d_19721101,7.4,2.7,0.1,0,0,0,42.2,23.3,7.8,3.1,0.2
56.6,d_19721201,5.4,1.5,0,0,0,0,37.9,21.5,7.6,3.1,0.1
37.5,d_19730101,1.3,0.1,0,0,0,0,61.1,35.9,14.4,8,2.1
44.1,d_19730201,0.1,0,0,0,0,0,55.8,34.7,17.2,10.9,4.6
26.5,d_19730301,0,0,0,0,0,0,73.5,50.3,23.9,16.3,7
14.5,d_19730401,0.4,0,0,0,0,0,85,62.6,33,20.8,7.1
38.2,d_19730501,5.4,1.4,0,0,0,0,56.3,39,14.5,4.5,0.1
37.5,d_19730601,3.9,1.1,0,0,0,0,58.6,43.1,16.7,5.4,0.2
25.8,d_19730701,0.4,0,0,0,0,0,73.8,50.6,23.2,7.8,0.9
36.7,d_19730801,2.7,0.5,0,0,0,0,60.6,44.1,20.4,10.6,2.9
26.7,d_19730901,0.9,0.1,0,0,0,0,72.5,59.5,39.7,30.6,13.7
30.6,d_19731001,3.4,0.9,0,0,0,0,66,57.6,45.3,37.6,23.3
28.9,d_19731101,10.9,5.1,0.2,0,0,0,60.1,53.5,39.9,31.4,17.9
23.8,d_19731201,24.4,14.4,4.1,1.2,0,0,51.7,46.6,35.3,24.9,9.3
19.9,d_19740101,30.3,18.9,7.7,3.4,1.2,0,49.6,44.6,31.9,20.7,9.9
23.7,d_19740201,24,15.5,6.1,2.7,0.3,0,52.1,47.3,35.3,24.3,9.9
40.7,d_19740301,17.1,9.6,2,0.3,0,0,42.3,31.2,15.8,7.4,2.1
29.7,d_19740401,38.8,26.6,12.1,7,2.7,0,31.6,26,11.2,4.4,1.3
29.4,d_19740501,36.4,24.6,10.2,3.9,0.4,0,34.3,24.2,5.7,1.4,0.1
37.2,d_19740601,52.5,44,28.1,18.2,4.8,0,10.4,3,0.3,0,0
17.2,d_19740701,81.6,71.8,49.3,33.8,13.1,0,1,0.2,0,0,0
55.5,d_19740801,37.3,20.8,4,1,0.1,0,7.1,2.1,0,0,0
40.3,d_19740901,6.4,2.5,0,0,0,0,53.4,32.8,9.6,1.7,0
37.7,d_19741001,3.1,0.1,0,0,0,0,59.2,41.6,18.7,8.7,0.8
21.8,d_19741101,1.8,0.1,0,0,0,0,76.5,56.5,27.1,14.4,2
20.9,d_19741201,4.5,2,0,0,0,0,74.4,58.9,29.1,17.2,2.9
21,d_19750101,2.4,0.3,0,0,0,0,76.7,62.9,31.8,17.9,3.7
20.5,d_19750201,1.5,0.3,0,0,0,0,78,69.7,44.6,29.7,11.3
16.8,d_19750301,1.7,0.5,0,0,0,0,81.5,73.8,52,34.7,15
12.1,d_19750401,1.6,0.7,0,0,0,0,86.3,80.1,61.5,42.4,21.5
15.2,d_19750501,1.7,0.1,0,0,0,0,83.2,73.6,45.4,26.1,9.1
41.3,d_19750601,2.8,0.2,0,0,0,0,55.9,31.8,4.2,0.5,0.2
45.5,d_19750701,2.1,0,0,0,0,0,52.4,30.3,5.3,1.2,0.2
49.3,d_19750801,3,0.4,0,0,0,0,47.7,28.6,4.5,1.2,0
53.6,d_19750901,4.3,0.7,0,0,0,0,42.1,23.2,4.8,1.5,0
51.7,d_19751001,12,3.5,0.1,0,0,0,36.4,20.6,3.7,0.8,0
54.4,d_19751101,17,7.2,0.5,0,0,0,28.5,14.2,1.9,0.4,0
51.7,d_19751201,17.4,7.1,0.6,0,0,0,30.8,15.3,2.2,0.5,0
51.2,d_19760101,24.6,12.9,3.1,1.1,0.1,0,24.2,13,2.3,0.7,0
44.8,d_19760201,46.5,32.3,11.3,5.9,1.1,0,8.8,4.8,0.9,0.3,0
35.7,d_19760301,53.9,36.2,15,6.4,2.2,0,10.3,5.1,1.1,0.5,0
45.4,d_19760401,48.3,30.6,9.8,4.9,0.9,0,6.4,2.5,0.1,0,0
53.9,d_19760501,42.5,25.8,7.5,2.4,0,0,3.7,0.2,0,0,0
48.3,d_19760601,49.9,31,7.5,3.6,0.7,0,1.8,0.3,0,0,0
49.2,d_19760701,16.1,7.8,1.6,0.5,0,0,34.7,16.3,2,0.1,0
44.9,d_19760801,22.9,13.9,5.1,1.9,0.3,0,32.1,17.5,2.8,0.4,0
42.5,d_19760901,11.4,4.4,0.4,0.1,0,0,46.1,29.3,5.8,1.6,0.1
28.2,d_19761001,8.4,3.8,0.5,0.2,0,0,63.3,49.3,24.9,11.1,1.7
26.2,d_19761101,8,3.7,0.6,0.3,0,0,65.9,51.3,29.4,18.2,6.1
26.1,d_19761201,9.1,4.9,0.9,0.4,0,0,64.9,51.4,30.9,20.6,11.3
30.7,d_19770101,12.6,8.6,3.5,2.3,0.4,0,56.8,42.3,22.3,13.8,4.1
32.4,d_19770201,10.3,6.3,3.2,1.8,0.7,0,57.2,41.6,18.8,11.7,3.1
24.8,d_19770301,9.4,5.5,2.2,1.4,0.1,0,65.9,52.8,26.7,16.8,5.3
36.7,d_19770401,4.8,1.8,0,0,0,0,58.4,41.8,13.9,5,0.2
35,d_19770501,3.5,1.9,0,0,0,0,61.4,39.4,14.7,4.7,0.3
50.6,d_19770601,9.3,4.9,0.1,0,0,0,40.2,23.7,8.3,2.3,0
64.9,d_19770701,20.9,7.8,0.2,0,0,0,14.2,6.5,0,0,0
83,d_19770801,0.2,0,0,0,0,12.6,4.3,3.4,2.4,1.7,0.4
55.6,d_19770901,38.7,15.9,4.1,0.8,0,0,5.6,3.2,1.8,0.8,0.2
44.1,d_19771001,52.2,24.6,4.1,1.1,0,0,3.7,2.5,0.9,0.3,0
50.8,d_19771101,45.6,20.8,4.1,1.2,0.1,0,3.6,2.2,0.4,0.2,0
28.2,d_19771201,68.7,42,15.6,6.5,1.3,0,3.3,2.2,0.6,0.4,0.1
19.5,d_19780101,79.1,65.5,39.5,26.2,11.1,0,1.4,0.6,0.2,0,0
23.7,d_19780201,75.3,57.4,28.8,13.1,2.3,0,0.9,0.1,0,0,0
18,d_19780301,81.8,67.6,37.5,20.2,5.6,0,0.2,0,0,0,0
14.3,d_19780401,85.7,70.8,37.3,19.2,5.9,0,0.1,0,0,0,0
15.3,d_19780501,84.1,68.5,25.6,9.4,2.2,0,0.7,0,0,0,0
42.6,d_19780601,53.1,35,14.5,3.8,0.1,0,4.2,1.7,0.5,0,0
36.8,d_19780701,62.4,40.3,13.2,3.3,0.6,0,0.9,0,0,0,0
49.1,d_19780801,48.7,31.7,11.7,4.4,0.5,0,2.1,0.2,0,0,0
50.6,d_19780901,24.2,15.8,3.7,1.2,0,0,25.2,14.6,6.5,2.3,0
45.8,d_19781001,34.5,27.3,13.9,7.1,2.3,0,19.6,14.3,7.1,2.7,0.2
48.4,d_19781101,29.1,19,4.5,1.4,0.3,0,22.6,16.8,11.5,6,0.8
44.9,d_19781201,28.3,18.9,4.7,0.8,0,0,26.7,18,12.5,7.2,0.7
48.9,d_19790101,11.2,4.7,0.2,0,0,0,39.8,23.9,13.2,9,1.1
44.2,d_19790201,13.2,4.4,0.1,0,0,0,42.6,29.2,14.5,10.1,1.7
45.1,d_19790301,3.4,1.5,0.2,0,0,0,51.6,32.9,14.7,7.9,0.5
33.1,d_19790401,1.5,0.5,0,0,0,0,65.3,50.7,24.3,13.6,1.9
32.8,d_19790501,1.6,0.1,0,0,0,0,65.7,44.2,23.1,11.5,2.9
40.5,d_19790601,0.6,0,0,0,0,0,58.9,33.6,4.8,0.3,0
24.3,d_19790701,0.3,0,0,0,0,0,75.3,57.6,27.5,15.7,4.6
24.3,d_19790801,0.5,0.1,0,0,0,0,75.2,58.2,26.5,12.8,2.9
39.8,d_19790901,2.1,0.2,0,0,0,0,58,43.1,25.5,19.7,11
48.9,d_19791001,9.3,2.1,0,0,0,0,41.8,30.6,16.6,10.4,4.7
49.1,d_19791101,14.9,6.5,0.4,0,0,0,35.8,25.1,11.7,6.6,1.9
52.6,d_19791201,16.4,6.7,0.7,0,0,0,31.1,20.1,7.4,3.4,0.7
52.1,d_19800101,19.3,8.7,1.5,0.3,0,0,28.5,18.7,3.7,1.3,0.6
60,d_19800201,21.2,8.8,0.8,0.1,0,0,18.8,8.1,1.7,1,0.4
46.1,d_19800301,37.5,22.5,7.6,4.8,3.4,0,16.1,9.5,3.5,2.3,0.7
33.2,d_19800401,59.2,44.1,19.7,10.4,4.6,0,7.5,2.7,0.2,0,0
33,d_19800501,55.5,39.6,16,6.6,1.4,0,11.4,6.1,0.5,0,0
37.7,d_19800601,59.6,40.8,18.3,10.9,1.6,0,2.7,1.7,0,0,0
30.9,d_19800701,68.8,45.6,19.1,12.3,4,0,0.3,0,0,0,0
42.8,d_19800801,52.9,30.5,8.4,3.7,1.4,0,4.3,1.2,0,0,0
54.3,d_19800901,25.1,12,1.2,0.2,0,0,20.7,10,1.1,0,0
47.4,d_19801001,40.4,22.4,5.9,1.1,0,0,12.1,4.7,0,0,0
47.6,d_19801101,33.9,19.2,4,0.4,0,0,18.7,9,0.7,0,0
40,d_19801201,39.1,27.6,9.1,2.6,0.2,0,20.9,11.5,1.5,0.2,0
29.2,d_19810101,38.7,29.3,15.6,9.1,1.7,0,32.1,19.9,4.9,1.4,0.2
28.2,d_19810201,48.1,39.1,26.8,20.4,10.6,0,23.8,14.7,3,0.9,0.1
24.9,d_19810301,37.1,31.8,18.1,8.9,3.7,0,38,28.8,7,1.3,0.3
20.6,d_19810401,30.6,24,12.7,8.7,3.9,0,48.7,42.9,28.4,20.5,7.7
28.9,d_19810501,21,12.7,3.1,1.3,0.1,0,50.1,41.1,26.7,19.9,8.6
43,d_19810601,15.7,6.3,0.4,0.1,0,0,41.4,32.7,14.2,4.5,1.1
41.6,d_19810701,5.7,1.5,0,0,0,0,52.6,40,24.4,13.1,2.9
34.6,d_19810801,3.5,1.1,0.1,0,0,0,61.9,46.6,26.8,15.5,5.2
37.9,d_19810901,1.3,0,0,0,0,0,60.7,43.8,17.5,8.1,0.8
12.2,d_19811001,0.1,0,0,0,0,0,87.7,74.1,40.2,19.1,3.6
13.6,d_19811101,0,0,0,0,0,0,86.4,72.2,36.6,16.4,3.5
26.2,d_19811201,0,0,0,0,0,0,73.8,54.6,20.9,8.2,1.1
33.6,d_19820101,0.5,0,0,0,0,0,65.9,43.1,14.6,6.5,1.3
38.3,d_19820201,2,0.1,0,0,0,0,59.7,36.4,12.2,5.1,0.5
50.5,d_19820301,14.3,5.1,0,0,0,0,35.2,21.8,6.5,2.2,0.6
58.1,d_19820401,12.7,3.3,0,0,0,0,29.1,15.7,3.6,1.8,0.6
58.2,d_19820501,6.9,1.4,0,0,0,0,34.9,20,8.3,5.5,3.8
50.1,d_19820601,3.9,0.3,0,0,0,0,45.9,32.4,19.3,13.4,6.9
38,d_19820701,34.6,17.4,2.3,0.3,0,0,27.3,18.6,5.1,1,0
40.9,d_19820801,37,20.7,3.2,0.6,0,0,22,13.6,3.5,0.2,0
41.2,d_19820901,40.4,20.9,2.5,0.2,0,0,18.4,10.5,1,0,0
47.3,d_19821001,39.9,20.3,1.2,0.1,0,0,12.8,5,0.2,0,0
54,d_19821101,27.8,15.1,3,1.1,0,0,18.1,9.5,0.6,0,0
54.4,d_19821201,16.9,6.4,2.3,1,0,0,28.6,16.7,4.5,0.9,0
51.2,d_19830101,15.4,5,2.4,1.2,0,0,33.4,19,7.4,1.6,0
58.9,d_19830201,21.6,9.6,2,0.6,0,0,19.5,9.5,1.4,0.7,0.2
55.6,d_19830301,27.5,9.3,0.5,0,0,0,16.8,5.8,1.2,0.6,0.1
51.3,d_19830401,41.2,19.9,1.4,0,0,0,7.5,2.2,0.1,0,0
57.4,d_19830501,26.9,12.6,1.7,0.4,0,0,15.6,10.2,2.3,0.2,0
65.9,d_19830601,10.4,4.2,0.7,0,0,0,23.7,13.6,4.2,0.7,0
57.5,d_19830701,9.6,4.6,1.2,0.2,0,0,32.8,18.8,2.5,0.8,0
42.8,d_19830801,32.5,18.1,5.8,2.7,0.6,0,24.7,15,4,0.8,0
28.2,d_19830901,52.4,40.3,17.6,8.7,3.7,0,19.4,12.7,4.5,0.8,0
39.7,d_19831001,39.5,27.1,7.5,2.3,0,0,20.9,12.7,2.9,0.3,0
45.3,d_19831101,39.5,25.5,7.6,2.5,0.3,0,15.1,7.6,0.6,0,0
39.5,d_19831201,50.3,34.2,13.4,4.9,0.6,0,10.1,4.2,0,0,0
44.5,d_19840101,38.8,25.1,8.4,3.2,0.4,0,16.8,10.7,1.3,0.2,0
45.6,d_19840201,41.4,26.7,10,4.3,0.9,0,13,7.3,1.4,0.3,0
43.5,d_19840301,44,27.9,10.2,2.8,0.1,0,12.5,6.5,0.9,0.2,0
44.1,d_19840401,52,34.4,11.1,4.7,0.1,0,3.9,0.2,0,0,0
38.1,d_19840501,54.3,40.2,19.9,11,4.4,0,7.6,0.8,0,0,0
28.2,d_19840601,53.4,41.2,16.3,5.4,0.2,0,18.4,13.2,7,3.6,1.3
19.5,d_19840701,72.9,61.1,33.2,16.4,4.9,0,7.7,5.3,1.7,0.2,0
15.3,d_19840801,74.9,66.3,41.9,29.1,11.4,0,10,6.9,2.7,1,0.1
16.8,d_19840901,74.6,65.6,38.8,21.5,5.3,0,8.5,5.3,0.9,0.2,0
36.8,d_19841001,45,34.1,10.1,3.6,0.3,0,18.1,10.7,3.5,0.9,0
41.8,d_19841101,39.4,26,6,1.6,0.1,0,18.8,12.3,5.1,2.4,0.2
57.6,d_19841201,20.6,9.8,1.5,0,0,0,21.9,13.5,7.5,4.2,1.2
57.3,d_19850101,9.9,3.9,0.2,0,0,0,32.8,19.8,10.3,6.4,2.9
45,d_19850201,2.6,0.6,0,0,0,0,52.4,31.1,11.6,5.8,1.7
26.1,d_19850301,0.2,0,0,0,0,0,73.6,46.1,12.5,4.6,1
17.4,d_19850401,0.1,0,0,0,0,0,82.6,55.6,22.2,9.5,2.2
18.3,d_19850501,0,0,0,0,0,0,81.7,53.3,15.2,5.1,0.6
10.4,d_19850601,0.1,0,0,0,0,0,89.6,77.8,36.5,14.2,2.7
30.6,d_19850701,7,2.9,0.1,0,0,0,62.4,42.4,17.2,6.8,1.1
46.5,d_19850801,10.7,6,1.5,0.3,0,0,42.7,24.8,7.3,1.8,0
48,d_19850901,12.1,4.4,0.3,0,0,0,39.9,22.6,5,1.4,0
48,d_19851001,0.9,0.1,0,0,0,0,51.1,32.6,11.3,4,0.3
46,d_19851101,0.6,0.1,0,0,0,0,53.4,30.8,9.7,3.3,0.1
60.1,d_19851201,4.2,0.9,0,0,0,0,35.8,18.2,4.3,0.9,0
63.7,d_19860101,9.6,3.1,0.2,0,0,0,26.8,12.7,3.1,1.3,0
64,d_19860201,4.3,1.5,0,0,0,0,31.8,17.9,4.3,1.7,0
66.9,d_19860301,17.6,7.5,0.5,0,0,0,15.5,6.4,0.6,0,0
61.8,d_19860401,23.5,11.4,3,0.3,0,0,14.7,4.5,0.8,0.1,0
55.4,d_19860501,5.5,1.5,0,0,0,0,39.2,15.8,1.2,0.3,0
47,d_19860601,4.2,0.8,0,0,0,0,48.8,25.1,4.4,1.6,0
68.3,d_19860701,19.1,7.3,1.9,0.3,0,0,12.6,5.4,1.3,0,0
52.4,d_19860801,22,9.2,0.5,0,0,0,25.6,16.2,3.2,0.7,0
44,d_19860901,15.1,7.6,0.3,0,0,0,41.1,27.9,6.8,2.2,0.2
24.3,d_19861001,4.8,1.4,0,0,0,0,70.9,55.9,29.6,14.4,3.8
17.8,d_19861101,2.5,0.6,0,0,0,0,79.5,64.2,35.6,18.2,4.9
11.1,d_19861201,0.2,0,0,0,0,0,88.7,81.2,56.4,34.3,13.3
9.7,d_19870101,0.3,0,0,0,0,0,90.1,81.3,59.8,39.5,18.8
5.6,d_19870201,0,0,0,0,0,0,94.4,84.4,61.9,44,24
15.6,d_19870301,0,0,0,0,0,0,84.4,69.9,46.7,32.7,15.9
21.4,d_19870401,0,0,0,0,0,0,78.7,64.6,48.5,35.9,17.4
14.9,d_19870501,0,0,0,0,0,0,85.1,74.7,56.4,47.2,27.1
11,d_19870601,0,0,0,0,0,0,89,83.5,66.5,51.2,30.3
17.3,d_19870701,0.4,0,0,0,0,0,82.3,69.7,43.1,26.6,7.9
19.1,d_19870801,4.8,1.9,0.1,0,0,0,76,65.2,41.6,27.2,11.8
28.6,d_19870901,4.3,1.4,0.1,0,0,0,67.1,47.1,14,5.6,0.2
46.5,d_19871001,5.4,1.1,0.1,0,0,0,48.1,30.3,7,1.9,0.1
57.1,d_19871101,5.8,0.7,0,0,0,0,37,17.5,2.6,0.4,0
54.1,d_19871201,0.4,0,0,0,0,0,45.6,23.2,3.2,0.6,0
50.6,d_19880101,0.1,0,0,0,0,0,49.3,26.5,2.9,0.1,0
68.5,d_19880201,14,4.9,0.4,0.1,0,0,17.5,6,0.8,0,0
42.2,d_19880301,47.1,29.3,7.1,1.1,0.1,0,10.7,4,0.6,0,0
34.1,d_19880401,52.7,38.4,10.7,3.8,0.4,0,13.3,8.4,0.7,0.1,0
26.3,d_19880501,64.7,50.6,21.9,9.4,2.4,0,8.9,5,0,0,0
20.3,d_19880601,74.8,55.8,15.6,3.5,0.4,0,4.7,1.5,0,0,0
55.1,d_19880701,30.4,14,2,0.3,0,0,14.6,8.6,1.2,0.2,0
39.3,d_19880801,47.6,32.3,10.6,3.6,0.4,0,13.1,7.6,1.8,0.8,0.1
34.9,d_19880901,47.4,36.8,17.6,7.6,3.4,0,17.7,10.8,1.4,0.1,0
37.4,d_19881001,50.7,37.3,12.5,4.9,1.7,0,11.7,5.8,0.2,0,0
37.7,d_19881101,51.3,36.9,14.4,5.8,2,0,10.9,4.3,0.1,0,0
37.8,d_19881201,52.4,37.1,18,10,4,0,9.8,3.9,0.1,0,0
48.9,d_19890101,41.3,21.8,5.1,2.2,0.3,0,9.9,2.9,0.1,0,0
56,d_19890201,24.6,14.4,4.3,1.7,0.1,0,19.4,8.4,0.2,0,0
51.1,d_19890301,24.2,12.3,3.3,1,0,0,24.7,12.3,2,0.7,0
47.3,d_19890401,47.5,27.4,5.2,2.2,0,0,5.2,2.4,1.1,0.6,0
42.3,d_19890501,40.6,19.5,3.3,0.9,0,0,17.1,10.3,3.4,1.2,0
33.7,d_19890601,43.5,30.4,8.4,1.8,0,0,22.7,17.5,9.6,4.9,1.4
31.9,d_19890701,40.9,29.9,9.3,2.3,0,0,27.2,22,12.8,8.7,3.3
35,d_19890801,28.3,18.3,3.8,0.6,0,0,36.6,27.8,16,10,4
34.8,d_19890901,28.4,18.7,4.2,1.5,0.2,0,36.8,28.1,14.1,9.5,3.5
34.9,d_19891001,37.8,27.4,9.4,3.5,0.9,0,27.3,17.9,8.5,3.5,0.4
32.4,d_19891101,48.8,34,16.2,7.5,1.2,0,18.9,11.2,2.9,0.4,0.1
33.2,d_19891201,56,42.4,18.7,9,1.8,0,10.8,4.6,0.5,0.2,0
23.7,d_19900101,48.9,39,18.6,9.5,2.1,0,27.5,17.2,5.1,2.3,0.8
37.1,d_19900201,38.6,24.3,6.3,2.9,0.7,0,24.3,11.5,2,0.6,0
55.4,d_19900301,33.3,19.2,3.4,1.1,0.3,0,11.3,4.3,0.3,0,0
56.4,d_19900401,16,6.1,0.8,0.2,0,0,27.7,13,5.7,3,0.6
49.2,d_19900501,27.7,11.1,1,0.2,0,0,23.2,14.9,7.6,3.7,0.3
37.8,d_19900601,42.1,28.6,11.3,4.6,1.5,0,20.2,11.7,2.8,0.2,0
42.3,d_19900701,13.7,4.4,0.1,0,0,0,44,29.8,13,5.1,0.7
35.5,d_19900801,11.2,2.5,0,0,0,0,53.3,40.6,21.9,12.9,3.6
31.1,d_19900901,5.7,1.7,0,0,0,0,63.1,50.4,33.9,20.5,7.2
31.2,d_19901001,11.1,4.4,0,0,0,0,57.7,47.9,28.2,14.8,3.8
28.6,d_19901101,15.1,8.7,1.1,0,0,0,56,46.1,26.4,13,3.2
31.8,d_19901201,23.1,15.4,5,1.1,0,0,45.1,34.2,14.2,5.3,2.2
38.1,d_19910101,16.4,11.5,5.6,1.9,0.1,0,45.5,32.4,15.4,7.7,2.9
39.2,d_19910201,13.6,9.7,2,0.1,0,0,46.9,33.6,13.8,8,3
35.8,d_19910301,9.2,4.1,0.3,0,0,0,55.1,41,20.7,10.8,5.2
38.6,d_19910401,18.3,10.1,2.7,0.5,0,0,43.2,31,14.8,9.4,2.9
41.6,d_19910501,13.2,6.6,1,0.1,0,0,45.2,32.3,12.7,5.7,2.1
43.9,d_19910601,8.5,2.9,0.2,0,0,0,47.7,24.8,8.4,5.1,1.6
33.9,d_19910701,2,0.3,0,0,0,0,64,41.2,14.4,7,1.1
35.5,d_19910801,2.4,0.5,0,0,0,0,62.2,43.7,20,10.3,3.7
13.9,d_19910901,0.3,0.2,0,0,0,0,85.8,65.2,35.5,18.7,7
29.6,d_19911001,0.7,0.2,0,0,0,0,69.5,45.6,14.4,5.6,1
33.4,d_19911101,1.2,0,0,0,0,0,65.4,43.7,14,5.1,0.7
5.2,d_19911201,0,0,0,0,0,0,94.8,85.7,50.6,27.9,6.8
1.5,d_19920101,0,0,0,0,0,0,98.5,93.3,63.5,41.5,18.6
1,d_19920201,0,0,0,0,0,0,99.1,95.6,81.1,63.9,35.6
1.5,d_19920301,0,0,0,0,0,0,98.5,94.6,81.6,65.5,37.5
2.9,d_19920401,0,0,0,0,0,0,97.1,94.1,78.1,58,24
3.5,d_19920501,0,0,0,0,0,0,96.5,91.6,79.8,67.4,44.7
2.4,d_19920601,0,0,0,0,0,0,97.5,92.2,79.4,63.6,33.2
2.7,d_19920701,0,0,0,0,0,0,97.4,93.9,82.7,69.2,43.1
3.6,d_19920801,0,0,0,0,0,0,96.3,93,83.2,71.4,45
12.4,d_19920901,0.5,0.1,0,0,0,0,87.1,68.3,32.1,13.1,2.3
44.4,d_19921001,1.2,0.6,0,0,0,0,54.4,30.3,5.7,0.9,0
57.2,d_19921101,2.2,0.1,0,0,0,0,40.6,17.3,2,0.5,0
58.4,d_19921201,2,0,0,0,0,0,39.6,15.6,1.8,0.4,0
49.1,d_19930101,1.5,0,0,0,0,0,49.3,23.3,3.9,1.3,0.1
60.7,d_19930201,11.3,4.8,0.2,0,0,0,28,16.7,5,2.3,0.6
54.6,d_19930301,20.9,7.9,0.5,0,0,0,24.5,10,1.8,0.6,0.1
50,d_19930401,23.7,11,2.7,0.8,0,0,26.2,9.6,0.9,0.2,0
43.9,d_19930501,26.6,12,2.4,0.6,0,0,29.7,16.9,1.7,0.3,0
38.3,d_19930601,17.5,7.3,0.7,0.1,0,0,44.2,29.8,17,8.6,1.1
44.1,d_19930701,2.9,0.6,0,0,0,0,53,35.8,18,8.6,1.7
55.6,d_19930801,5.2,1.2,0,0,0,0,39.3,25,8.7,3,0.4
61.4,d_19930901,11.1,1.9,0,0,0,0,27.5,14.9,2.5,0.6,0
55.2,d_19931001,18.2,8.6,0.8,0,0,0,26.7,11.4,1.4,0.3,0
55.4,d_19931101,25.8,14.5,1.8,0.3,0,0,18.7,8.3,1,0.1,0
59.3,d_19931201,29.9,18,4.7,1.2,0.1,0,10.8,3.5,0.5,0,0
62.1,d_19940101,29.6,16,3.2,0.9,0,0,8.3,2.4,0.2,0,0
58.3,d_19940201,33.3,20.3,5.1,1,0,0,8.5,2.2,0.2,0,0
42.7,d_19940301,51.9,31.8,7.6,2.1,0.1,0,5.5,2,0.3,0,0
47.2,d_19940401,46.7,23.2,3.4,0.7,0,0,6.1,2.6,0.2,0,0
66.6,d_19940501,18.1,5.4,0.8,0.3,0,0,15.2,7.8,0.7,0,0
65.7,d_19940601,24.9,12.3,2.2,0.5,0,0,9.4,3.2,0,0,0
66.7,d_19940701,26.3,10.9,0.9,0,0,0,7,1.2,0,0,0
62.9,d_19940801,27.7,15.1,2.7,0.3,0,0,9.4,2.1,0.2,0,0
64.9,d_19940901,27,14.2,2.4,0.2,0,0,8,2.3,0,0,0
39.4,d_19941001,28.6,17.1,4.8,1.3,0,0,32,21.7,9,4.2,0.6
42.4,d_19941101,24.3,12.5,3.5,0.9,0.1,0,33.2,21.7,5.8,1.9,0
35.3,d_19941201,24.7,12.5,4.2,1.7,0.5,0,40,28.2,12.6,5.2,0.5
33.6,d_19950101,27.2,15.8,6.9,3.1,0.9,0,39.1,30.8,17.9,11.3,2.5
37.2,d_19950201,33.4,23.5,11.4,6.5,3,0,29.4,21.7,10.4,4,0.3
36.6,d_19950301,26.2,16.4,6.5,4.1,1.6,0,37.3,28.2,16.7,9.5,3.4
32.2,d_19950401,26.5,16.7,6.3,3.5,0.2,0,41.4,31.5,17.5,11.7,5.2
35.6,d_19950501,7.7,4.3,0.3,0,0,0,56.6,43.2,21.4,10.7,2.7
33.5,d_19950601,5,2.3,0.4,0,0,0,61.4,45.7,21.8,9.8,1.9
43.5,d_19950701,10.8,4.7,1.6,0.2,0,0,45.6,25.9,8.5,3.1,0.5
43.1,d_19950801,10.8,5.6,1.2,0.2,0,0,46.2,32.5,11.7,6,2
51.5,d_19950901,5.3,1.6,0.1,0,0,0,43.2,26.3,9.9,5.2,2.6
64.2,d_19951001,8.2,2.2,0.2,0,0,0,27.7,16.3,5.4,3.2,1.7
60,d_19951101,10.1,2.2,0.3,0,0,0,30,17.7,5.9,3.3,1.6
62,d_19951201,13.1,3.1,0.1,0,0,0,24.8,14,4.3,3.1,1.6
52.6,d_19960101,27.3,12.4,2.5,0.7,0.2,0,20.1,11.8,4.3,3.2,1.6
36.1,d_19960201,54.6,37.2,14.5,5.8,1.7,0,9.3,4.7,2.1,1.2,0.3
24.3,d_19960301,68.3,54.2,24.8,12,4.4,0,7.5,3.2,0.9,0.1,0
25.8,d_19960401,69,54,28.4,16.8,7.6,0,5.2,1.9,0,0,0
15.3,d_19960501,83.9,70.6,47.3,32,17.5,0,0.7,0.1,0,0,0
7.8,d_19960601,91.1,83.4,64.9,45.4,18.6,0,1,0.4,0,0,0
17.9,d_19960701,80.2,69.6,44.2,26.4,8.3,0,1.9,1.2,0.3,0,0
40.8,d_19960801,48.3,35.2,14.2,5.7,0.9,0,10.8,3.8,1.1,0.6,0
47.8,d_19960901,34.8,21.7,4.5,1.1,0,0,17.4,8.8,2.6,0.5,0
53.8,d_19961001,29.9,16.1,3.3,0.6,0,0,16.2,8.5,1.6,0.1,0
54,d_19961101,14.7,8.8,0.7,0,0,0,31.4,20.5,6.9,1.6,0.1
54.9,d_19961201,13.8,8,1,0,0,0,31.2,19.5,5.7,1.8,0.1
53.8,d_19970101,12.3,6.1,0.3,0,0,0,33.9,19.8,7.5,3.2,0.6
24,d_19970201,3.8,0.4,0,0,0,0,72.2,55.9,29,17.6,6.2
25.9,d_19970301,0.5,0.1,0,0,0,0,73.7,61.7,35.7,21.5,8
8.5,d_19970401,0.2,0,0,0,0,0,91.3,80.8,54.9,40.8,18.3
16.9,d_19970501,0.6,0.1,0,0,0,0,82.4,61.6,29,14.8,2.7
18.1,d_19970601,0.5,0.1,0,0,0,0,81.2,64.3,31.6,15,3.4
11.9,d_19970701,0.1,0,0,0,0,0,88,69.6,32.4,16.4,2.4
16.8,d_19970801,0.1,0,0,0,0,0,83,61.4,27.5,11.8,2.7
23.2,d_19970901,0.1,0,0,0,0,0,76.7,54,20.4,9.6,1.5
20,d_19971001,0.3,0,0,0,0,0,79.7,59.3,25.8,12.9,3.3
41.6,d_19971101,2.4,0.1,0,0,0,0,56,35.9,14.8,7.2,2.2
31.6,d_19971201,2.4,0.5,0,0,0,0,66,44.3,15.4,6.5,0.8
50.1,d_19980101,5.8,1.4,0,0,0,0,44.2,20.9,2.5,0.5,0
36.4,d_19980201,8.1,2.4,0,0,0,0,55.6,36.1,6.8,1,0.1
35.9,d_19980301,15.4,6,0,0,0,0,48.7,35.4,7.6,2.8,0.3
37.9,d_19980401,18.5,9.8,1,0,0,0,43.6,28.5,5.3,1.1,0
53.5,d_19980501,32.7,21.9,4,1.9,0,0,13.8,4.3,0.1,0,0
50.8,d_19980601,43.6,28.7,9,3.9,0,0,5.6,1,0,0,0
33.6,d_19980701,63.9,48.5,18.8,5.4,0.6,0,2.5,0.5,0,0,0
41.4,d_19980801,48.5,30.4,8.9,3.5,0.7,0,10.2,3.1,0.1,0,0
44.3,d_19980901,49.9,40.7,24.7,15.1,6,0,5.9,1.1,0,0,0
38.2,d_19981001,38.7,27.9,12.8,6.1,2.1,0,23.2,11.8,2.3,0.7,0.1
38.6,d_19981101,36.5,26.4,13,7.1,2.4,0,24.8,12.2,2.2,0.7,0
37.9,d_19981201,41.5,33.4,19.6,13.5,6.7,0,20.6,9.4,2.2,0.9,0
30.4,d_19990101,36.2,25.8,13.3,7.1,2.5,0,33.1,20.8,4.5,1.4,0.1
28.6,d_19990201,30.4,21.5,9.5,4.6,1.3,0,40.8,30.1,9.4,3,0.6
27.6,d_19990301,14,5.7,1.4,0.3,0,0,58.4,48.5,28.4,13.7,3.4
28.3,d_19990401,9.1,3.8,0,0,0,0,62.7,54,34.9,18.5,4.2
36.4,d_19990501,10.3,2.3,0,0,0,0,53.3,42.9,27.1,13.7,3.3
30.5,d_19990601,0,0,0,0,0,0,69.5,45.3,19.9,12.8,5.8
56.4,d_19990701,2,0.2,0,0,0,0,41.5,21.8,8.2,2.4,0.2
55.4,d_19990801,17.7,5.8,0.6,0.1,0,0,27,14.5,3.7,1.1,0.1
42.4,d_19990901,37.2,20.2,3.3,0.4,0.1,0,20.6,10.8,3.5,1.2,0
40,d_19991001,48.4,31.7,7.6,1.5,0,0,11.6,6,0.3,0,0
38.9,d_19991101,50.3,33.6,6.7,1.3,0,0,10.8,5.8,0.1,0,0
27.1,d_19991201,66.1,54.3,24,7.4,0.5,0,6.8,3.3,0.2,0,0
22.1,d_20000101,73,59.4,24.4,9.3,1.1,0,4.9,1.9,0,0,0
15,d_20000201,81.7,71.3,40.5,19.2,2.9,0,3.2,1.5,0,0,0
16.2,d_20000301,81,71.4,51.9,34.2,16.4,0,2.8,1.6,0.1,0,0
19.4,d_20000401,78.8,68.8,53.1,40.7,24,0,2,0.2,0,0,0
19.8,d_20000501,80.2,62.4,35.8,27.2,19.1,0,0.2,0,0,0,0
50.7,d_20000601,39.8,20.9,4.2,1,0,0,9.5,4.2,0.6,0,0
43.8,d_20000701,47.8,29.9,6.2,1.2,0,0,8.3,3.5,1,0.1,0
40.9,d_20000801,53.4,34.8,10,3.5,0.3,0,5.6,2.5,0.3,0,0
33.9,d_20000901,64.2,47.2,16.6,7.1,1.1,0,2,0.4,0,0,0
57.9,d_20001001,34.9,18.1,2.2,0.1,0,0,7.1,2.8,0.3,0,0
49.8,d_20001101,12.4,5,0,0,0,0,37.7,24.2,3.2,0.6,0.1
45,d_20001201,21.5,11,1.9,0.2,0,0,33.5,21.1,3.9,0.8,0.1
46,d_20010101,13.5,6.1,0.6,0.1,0,0,40.4,29.7,10.3,2.6,0.3
42.2,d_20010201,9.9,4.6,1,0.2,0,0,47.9,35.9,15,6.8,1.6
42.3,d_20010301,16.3,7.5,1.2,0.1,0,0,41.5,31.8,13.9,5.5,0.5
46.4,d_20010401,11.4,4.3,0.1,0,0,0,42.3,30.5,13,5.6,0.6
34.2,d_20010501,7.1,3.1,0.6,0.2,0.1,0,58.6,47.3,19.6,9.5,1.9
30.9,d_20010601,3.1,0.2,0,0,0,0,66,52.2,22.1,12.5,5.4
38.5,d_20010701,24.1,15.2,1.3,0,0,0,37.3,24.5,13.5,9.9,4.8
40.4,d_20010801,33.9,19.7,4.9,2.3,0.4,0,25.6,15.6,6.7,3,0.1
38.5,d_20010901,33.1,20.4,6,2.9,0.8,0,28.2,20.1,9,5.6,1.8
26.5,d_20011001,50.9,37.8,18.9,10,3.4,0,22.5,17.5,8.2,4.4,1.3
35.1,d_20011101,40.4,26,10.6,4.7,1.4,0,24.4,19.1,9.2,4.4,0.9
24.8,d_20011201,50.7,39.2,19.1,8.9,2.6,0,24.4,17,5.9,1.9,0.5
27.9,d_20020101,44.6,33,16.9,9.2,3,0,27.5,21.1,8.5,3.5,0.6
26.6,d_20020201,46.8,36.4,16.5,7.4,2.3,0,26.5,19.3,6.9,3.2,0.6
41.5,d_20020301,30,21,5.8,2.3,0.6,0,28.4,14.7,2.5,0.4,0
43.5,d_20020401,22.2,14.4,2.4,0.2,0,0,34.3,18.8,4.8,2.2,0
44.7,d_20020501,42.2,29.4,5.6,1.5,0.3,0,13.1,7,1.8,0.3,0
47.6,d_20020601,45.1,28.4,6.5,2.6,0.6,0,7.4,1.3,0,0,0
52.3,d_20020701,14.8,6.8,1.7,1.1,0.3,0,33,20.3,5.2,1.8,0
45,d_20020801,35.8,20.5,5.9,3.2,0.4,0,19.1,9.9,0.4,0,0
42.5,d_20020901,40.4,21.9,4.2,0.8,0,0,17,7.8,1.2,0.3,0
52.6,d_20021001,6.6,2.4,0,0,0,0,40.8,27.2,9.5,4,0.6
44,d_20021101,10.4,4.2,0,0,0,0,45.7,33.3,12.9,6.3,1.3
40.4,d_20021201,9.4,2.9,0,0,0,0,50.3,38.4,20.1,12.2,4.7
39,d_20030101,13.8,5,0.4,0,0,0,47.3,36,19.8,12.5,4.9
37.6,d_20030201,2.9,0.5,0,0,0,0,59.5,47.4,29.5,20.8,11.2
36.1,d_20030301,1.2,0,0,0,0,0,62.7,48.3,31.4,22.5,11.3
58.1,d_20030401,7.9,0.8,0,0,0,0,34.1,24.5,11.2,4.6,1.4
61.6,d_20030501,9.9,1.4,0,0,0,0,28.5,15,3.4,0.3,0
46.7,d_20030601,0.8,0,0,0,0,0,52.5,22.4,1.6,0.1,0
67.1,d_20030701,22.4,11.1,1.8,0.1,0,0,10.5,2.9,0,0,0
69.7,d_20030801,23.3,12,2.7,0.8,0,0,7,0.6,0,0,0
48.3,d_20030901,37.9,20.2,6.3,2.5,0,0,13.8,8.4,0.7,0,0
43.3,d_20031001,33.7,20.9,5.4,2,0.1,0,23,14.5,5.5,2.7,0.6
39.6,d_20031101,43.5,27.9,7.3,2.3,0.3,0,17.2,11,4.2,2.1,0.6
37.2,d_20031201,47.8,30.8,8.7,3.4,0.6,0,15,8.9,3.1,1.4,0.3
44.1,d_20040101,30.5,18,4,1.3,0.3,0,25.4,15.9,5.5,2.2,0.6
41.9,d_20040201,11.3,4.5,0.7,0.4,0.2,0,46.8,33.2,14.9,7.5,1.3
35.9,d_20040301,24.6,13.1,1.7,0.8,0.1,0,39.5,31.4,17.2,10.5,3.3
38.8,d_20040401,4.5,2,0.1,0,0,0,56.6,38.2,18.3,9.2,3.2
43.1,d_20040501,10.7,3.9,0.2,0,0,0,46.2,34.7,17.8,9.9,2.7
23.9,d_20040601,0.7,0.1,0,0,0,0,75.5,61.3,31.9,13.8,1.5
17.6,d_20040701,0.2,0,0,0,0,0,82.2,63.7,29,8.7,1
9.8,d_20040801,0.2,0,0,0,0,0,90,78.8,46,23.3,5
7.5,d_20040901,0.3,0,0,0,0,0,92.2,81.6,48.9,22.4,4.4
8,d_20041001,0.1,0,0,0,0,0,91.9,83,53.6,28.5,6.9
3.2,d_20041101,0,0,0,0,0,0,96.8,91.1,76.9,60,29.4
7.2,d_20041201,0,0,0,0,0,0,92.8,86,66.3,45.1,15.1
9.2,d_20050101,0,0,0,0,0,0,90.8,82.2,57,33.8,8.6
6.6,d_20050201,0,0,0,0,0,0,93.4,88.5,75.1,59.9,29.3
14.4,d_20050301,2.2,0.3,0,0,0,0,83.3,74.9,51.1,33.7,16.2
20.1,d_20050401,3.2,0.5,0,0,0,0,76.7,62.4,36.5,22.8,8.9
28.3,d_20050501,7,3.6,0,0,0,0,64.7,51.4,29.7,19.5,9
31.1,d_20050601,9.3,6,1.4,0.7,0.1,0,59.5,45.7,16,5.4,0
37.4,d_20050701,8.6,5.2,1.4,0,0,0,54.2,30.7,7.2,2.5,0.3
43.6,d_20050801,31.6,21,6.6,3.5,1,0,24.8,13.8,4.4,1.8,0.1
57.5,d_20050901,30.5,18.1,5.4,1.3,0.1,0,11.9,5.9,1.3,0,0
43.5,d_20051001,40.3,25.5,11.8,7.7,4.3,0,16.1,9.5,3.5,1.4,0
34.8,d_20051101,56.8,42.4,21.8,14.7,7.8,0,8.4,4.8,0.9,0,0
27.2,d_20051201,66.1,55.3,34.7,24.4,14.7,0,6.6,3.7,0.5,0,0
28.2,d_20060101,63.6,51.4,28.5,17.6,6.5,0,8.3,4.5,1.1,0.1,0
23.7,d_20060201,70,57.4,28.4,13.2,2.6,0,6.3,2.5,0,0,0
35.9,d_20060301,53.5,31.9,10.9,4.8,1,0,10.6,5.2,0.5,0,0
33.6,d_20060401,61.4,50.2,23.7,12.3,5.8,0,5,0.9,0,0,0
8.6,d_20060501,91.4,79.7,44.6,23.8,7.4,0,0,0,0,0,0
14.5,d_20060601,85.6,66.9,35.2,21.1,6.3,0,0,0,0,0,0
10.4,d_20060701,87.4,76.7,54.8,36.4,16,0,2.1,0.9,0.1,0,0
22.3,d_20060801,75.1,56.1,25,11.5,4.1,0,2.7,1.3,0.3,0.2,0.1
43.4,d_20060901,50.3,29,4.7,1.5,0.4,0,6.3,3.4,0.7,0.4,0.3
49.3,d_20061001,35.2,19.7,3.7,1.6,0.7,0,15.3,10.5,4.5,2.7,1.6
45.8,d_20061101,41.1,24.4,5,2,0.9,0,13.1,9.1,3.4,2.1,1.2
44,d_20061201,40,25.9,6.6,2.1,0.4,0,15.8,10.8,4.5,2.7,1.6
49.5,d_20070101,19.8,7.4,0.3,0,0,0,30.7,19,10.2,5.5,2.6
46.6,d_20070201,17.4,6.7,0.1,0,0,0,36.1,20,9,4.9,2
24.4,d_20070301,0.1,0,0,0,0,0,75.4,56,29,14.7,3.1
21,d_20070401,0.5,0,0,0,0,0,78.5,59.6,28.3,18.8,4.7
6.9,d_20070501,0,0,0,0,0,0,93.1,83,43.9,21.7,8.3
4.5,d_20070601,0,0,0,0,0,0,95.5,89.4,66,42.9,15.5
4.9,d_20070701,0,0,0,0,0,0,95.1,90.7,74.6,58.4,35.4
3.3,d_20070801,0,0,0,0,0,0,96.7,92.9,80,70.5,54.2
6.5,d_20070901,0.3,0,0,0,0,0,93.2,87.8,69.6,55.2,34.7
17,d_20071001,1.8,0.5,0,0,0,0,81.2,69.2,46.8,30.5,13.9
15.5,d_20071101,1.8,0.6,0,0,0,0,82.8,71.9,51.2,34.1,16.1
24.9,d_20071201,4.1,2.1,0.3,0,0,0,70.9,57.5,24.9,9.4,1.1
26.8,d_20080101,5.4,3.3,1.1,0.3,0,0,67.7,52.7,22.6,8.5,0.7
46.3,d_20080201,9.5,5.1,0.4,0,0,0,44.1,24.9,2.4,0.1,0
57,d_20080301,19.5,12.7,3.1,1.1,0.3,0,23.5,9.4,0.9,0,0
38.4,d_20080401,56.6,34.5,7.5,1.4,0.3,0,5,1.6,0,0,0
25.4,d_20080501,72.4,55.2,24.1,10,2.7,0,2.1,0.4,0,0,0
18.5,d_20080601,79.5,62,35.4,24.3,11.4,0,1.9,0.3,0,0,0
36.1,d_20080701,62.1,40.2,15.6,7.5,1.4,0,1.8,1.2,0.7,0.2,0
53.6,d_20080801,30.2,18.9,5.9,1.6,0,0,16.3,9.1,1.8,0.9,0.2
51.6,d_20080901,25.6,15.4,6.4,2.6,0.1,0,22.8,12.9,3,0.9,0.1
48.1,d_20081001,23.8,16.4,8.9,3.8,0.5,0,28.2,14.5,3.2,0.8,0
49.6,d_20081101,25.8,17.1,9.1,4.7,0.7,0,24.6,12.6,2.7,0.9,0
36.8,d_20081201,43.7,30.3,15.2,10.2,4.7,0,19.7,9.8,2.1,0.7,0.1
30.2,d_20090101,50.5,38.8,21.8,13.8,6.8,0,19.3,9.4,1.7,0.5,0
30.2,d_20090201,50.1,39.6,21.5,12.7,6.4,0,19.8,10.4,1.6,0.4,0.1
36.8,d_20090301,40.8,25.9,8.7,4.3,1.4,0,22.5,14.7,2.8,0.8,0.3
48.3,d_20090401,28.3,18.5,7.8,3.8,0.8,0,23.4,11.3,2.1,0.1,0
39,d_20090501,55.4,40.6,25.4,17.5,6.6,0,5.7,1.8,0,0,0
36.5,d_20090601,62.9,47.5,26.9,19.9,9.8,0,0.6,0,0,0,0
41.7,d_20090701,53,34.8,23.1,18.1,11.4,0,5.2,1.4,0,0,0
43,d_20090801,50.1,34.2,23.1,18,13.2,0,6.8,2.5,0.2,0,0
48.3,d_20090901,34.1,21.5,10.4,6.6,1.5,0,17.6,9.5,3.6,2.1,0.4
43.2,d_20091001,18.6,11.3,4.2,1.1,0,0,38.3,27.9,17.2,11.3,5.9
45.1,d_20091101,15.7,8.8,1.3,0.1,0,0,39.2,28.3,17.1,11.8,6
50,d_20091201,11.1,4,0.2,0,0,0,39,27.4,12,7.1,4.1
54.8,d_20100101,6.3,0.7,0,0,0,0,39,24.8,11.9,7.4,4.3
35.9,d_20100201,0.1,0,0,0,0,0,64.1,41.8,19.1,10.8,5.1
25,d_20100301,0.4,0,0,0,0,0,74.6,54,27.8,17.4,8.9
24.2,d_20100401,0.6,0.2,0,0,0,0,75.1,58,31.4,17.7,5.3
26.1,d_20100501,0.9,0.1,0,0,0,0,73.2,58.2,30.2,14.7,2.7
28.1,d_20100601,0.5,0,0,0,0,0,71.4,47,13.2,4.2,0.8
23.3,d_20100701,9.8,5.6,2.7,0.7,0,0,66.9,55.3,34.9,23.6,11.7
22.6,d_20100801,10.7,6.3,2.4,0.9,0,0,66.9,52.8,32.6,24.7,10.6
18.2,d_20100901,9.3,6.6,3.6,2.3,0.5,0,72.6,58.2,28,14,4.8
37,d_20101001,14.5,8.4,4,2.4,0.7,0,48.5,29.5,11.2,5.1,1.5
47.1,d_20101101,20.8,13.5,5.1,2.2,0.3,0,32,19.2,5.3,2.3,0.4
46.4,d_20101201,27.9,19.7,9.6,5.7,2.6,0,25.7,14.6,3.5,1.4,0.5
51.8,d_20110101,33.9,18.2,4.9,1.2,0,0,14.2,5.3,1.9,0.6,0
55.8,d_20110201,30.1,16.2,3.5,0.2,0,0,14.1,4.7,0.9,0.2,0
48.9,d_20110301,42.9,28.4,12.7,6.6,1.5,0,8.1,3.1,0.3,0,0
6,d_20110401,93.9,86.1,59.6,43.3,23.3,0,0,0,0,0,0
8.4,d_20110501,91.4,86.6,73.8,63.6,42.2,0,0.2,0,0,0,0
0,d_20110601,100,99,95.4,93,85,0,0,0,0,0,0
0,d_20110701,100.1,99.8,95.5,92.5,81.3,0,0,0,0,0,0
0,d_20110801,100.1,100.1,98.6,95,88.1,0,0,0,0,0,0
0,d_20110901,100,100,99.2,96.6,88.8,0,0,0,0,0,0
0,d_20111001,99.9,99.9,96.2,91.7,85.1,0,0,0,0,0,0
0,d_20111101,100,99.8,95.4,91.1,83.4,0,0,0,0,0,0
3,d_20111201,96.9,91.9,81.2,72.9,55.9,0,0,0,0,0,0
12.1,d_20120101,87.5,81.4,64,51,35.8,0,0.4,0,0,0,0
21.3,d_20120201,77.1,60,38.6,29.3,16.1,0,1.5,0.3,0,0,0
40.9,d_20120301,46.5,36.4,22.6,13.1,2.3,0,12.6,5.4,1.2,0.2,0
46.5,d_20120401,40.8,31.1,12.2,5.1,0.5,0,12.7,6.1,1.1,0.2,0
58,d_20120501,24,10.2,1,0,0,0,18.1,5.2,0.1,0,0
59.7,d_20120601,17.3,7.2,0.1,0,0,0,23,8.4,1,0.1,0
52.9,d_20120701,15.7,7.1,0.1,0,0,0,31.4,15.4,1.5,0,0
45.3,d_20120801,18,7.7,1,0.1,0,0,36.8,21.4,2,0,0
46.8,d_20120901,17.5,8.6,2,0.6,0,0,35.6,20.3,3.7,0.7,0
53.8,d_20121001,34.8,17,2.7,0.6,0,0,11.3,4.5,0.6,0,0
43.3,d_20121101,54.3,34.4,9,3.3,0.5,0,2.4,0.8,0,0,0
21.7,d_20121201,77.8,60.8,27.8,11.6,3.2,0,0.6,0.2,0,0,0
37.4,d_20130101,58.8,37.7,13.8,7.3,3,0,3.8,1.1,0.1,0,0
35.7,d_20130201,62.5,35,7.9,3.3,2.2,0,1.7,0.4,0,0,0
35.1,d_20130301,64.2,37.7,7.8,3.9,2.4,0,0.7,0.2,0,0,0
24.7,d_20130401,75.3,51.7,15.6,5.7,1.7,0,0,0,0,0,0
21.9,d_20130501,78.2,56.7,19.2,6.9,1,0,0,0,0,0,0
6.7,d_20130601,93.2,84.4,43,18.4,4.6,0,0.1,0,0,0,0
36.7,d_20130701,61.7,38.5,7.8,2.7,0.2,0,1.6,0.5,0,0,0
43.4,d_20130801,55.7,27.5,5.2,2,0.2,0,1,0.2,0,0,0
76.6,d_20130901,19.2,6.7,1.6,0.5,0,0,4.1,1.9,0.3,0.1,0
60,d_20131001,32.1,16.3,2.4,0.8,0,0,7.9,1.7,0.1,0,0
54.5,d_20131101,32.7,18.3,3.7,1.1,0,0,12.8,4.7,0.4,0.1,0
58.4,d_20131201,24.6,11.4,1.4,0.4,0,0,17,6,0.6,0.4,0.1
57.4,d_20140101,30.4,13.8,1.2,0.1,0,0,12,4.1,0.5,0.3,0
65.6,d_20140201,24.8,8.6,0.5,0.1,0,0,9.6,2.7,0.2,0,0
58.7,d_20140301,29.8,12.1,1,0.1,0,0,11.5,4.9,0.1,0,0
34,d_20140401,61.3,40.7,13,4.5,0.5,0,4.7,1.1,0,0,0
48,d_20140501,39.5,24.7,8.9,3.6,0.2,0,12.4,4.8,0.3,0,0
48.7,d_20140601,48.5,25.3,6.3,2.4,1,0,2.9,0.3,0,0,0
49.3,d_20140701,49.2,25.6,4.2,0.9,0,0,1.6,0.2,0,0,0
38.1,d_20140801,61,37,9.5,2.5,0,0,0.9,0.1,0,0,0
49.9,d_20140901,41.4,21.7,4.2,1.1,0.1,0,8.7,3.3,0.1,0,0
54.4,d_20141001,37.7,15.9,3.3,0.6,0,0,7.8,2.1,0,0,0
69.3,d_20141101,13.9,4.2,0,0,0,0,16.8,6.4,0.3,0,0
72,d_20141201,12.5,3.7,0,0,0,0,15.5,5.7,0.3,0,0
56.5,d_20150101,2.4,0.1,0,0,0,0,41.1,21,2.9,0.4,0
56.7,d_20150201,8.8,2.9,0.2,0,0,0,34.4,17,2.3,0.1,0
47.3,d_20150301,1.9,0.3,0,0,0,0,50.8,30.4,7.2,3.6,0.4
35.8,d_20150401,0.6,0.1,0,0,0,0,63.6,46.2,15.9,5.9,2.1
1,d_20150501,0,0,0,0,0,0,98.9,95.1,73.6,52.9,22.1
1.4,d_20150601,0,0,0,0,0,0,98.5,94.6,71.7,47.3,15.2
0.1,d_20150701,0,0,0,0,0,0,99.9,96.9,79.6,59.7,25.1
3.7,d_20150801,0,0,0,0,0,0,96.4,87.7,59.2,38.4,16.4
10.9,d_20150901,0,0,0,0,0,0,89,73.9,41.4,26.1,9.4
3.9,d_20151001,0,0,0,0,0,0,96.1,85.4,56.4,38.6,20.8
1.4,d_20151101,0,0,0,0,0,0,98.6,94.9,72.2,52.6,33
4.1,d_20151201,0.1,0,0,0,0,0,95.8,86.5,58.2,46.1,30.2
8,d_20160101,0.4,0.1,0,0,0,0,91.7,77.2,49.3,36.1,22.4
44.7,d_20160201,3.4,0.9,0,0,0,0,51.9,32.4,16.6,9.7,2.3
45.8,d_20160301,1.2,0.1,0,0,0,0,53,35.3,18,10.7,3.5
32,d_20160401,0.8,0.1,0,0,0,0,67.2,50.8,28.4,19.8,10.6
14,d_20160501,0.1,0,0,0,0,0,85.9,68.6,40.9,30.9,19.4
8.2,d_20160601,0,0,0,0,0,0,91.9,82.7,55.3,41.8,24.6
35,d_20160701,4.3,1.5,0,0,0,0,60.6,50.6,31.9,21.3,9.4
20.7,d_20160801,0.8,0.2,0,0,0,0,78.5,62.8,38.3,23.9,8
25.1,d_20160901,0.9,0.2,0,0,0,0,74.1,57.9,28.3,15.1,3.7
33.6,d_20161001,3.9,1,0,0,0,0,62.5,42.3,19.9,10.1,2.8
29,d_20161101,1.2,0.3,0,0,0,0,69.8,48.8,26.8,14.7,5.5
29.7,d_20161201,2.1,0.3,0,0,0,0,68.2,47.9,19.4,11,3.1
33.6,d_20170101,3.4,0.4,0,0,0,0,63,43.6,13.4,6.2,0.6
41.1,d_20170201,5.8,1,0,0,0,0,53.1,30.3,6.6,2.1,0
40,d_20170301,8.5,2.1,0,0,0,0,51.5,28.7,8.8,2.9,0.4
29.9,d_20170401,1.9,0.1,0,0,0,0,68.3,51.3,13.4,4.5,1.1
63.6,d_20170501,12.5,5.1,0.1,0,0,0,23.9,9.5,0.8,0.1,0
82.7,d_20170601,6.5,1,0,0,0,0,10.8,2.3,0.2,0,0
61,d_20170701,0.3,0,0,0,0,0,38.7,14.9,2,0.6,0
35,d_20170801,0.2,0,0,0,0,0,64.9,42.7,22.2,15.7,10.1
37.8,d_20170901,1.9,0.4,0,0,0,0,60.3,41.2,20.2,12.8,7.8
57.3,d_20171001,3.9,0.4,0,0,0,0,38.8,26.6,14.5,9.2,5.5
59.3,d_20171101,10.2,3.4,0.4,0,0,0,30.3,21.1,11.6,6.8,4.1
57.7,d_20171201,12,5.7,0.5,0,0,0,30.5,20,11,6.7,4.3
58.5,d_20180101,21.4,9.2,1.2,0.2,0,0,20.1,13.9,7.9,5.5,4.1
51.3,d_20180201,14.8,6.8,1.5,0,0,0,34,22.8,12,8,5.1
53.3,d_20180301,13.1,6,1.3,0,0,0,33.4,23,12.8,9.1,5.6
43.9,d_20180401,31.3,13.9,1.8,0.2,0,0,24.6,18.1,9.2,7.2,5.2
23.2,d_20180501,75.9,54.8,18.2,5.4,0.6,0,0.9,0,0,0,0
18.4,d_20180601,78.6,64.7,34.3,15.7,3.6,0,2.8,0.9,0,0,0
23.9,d_20180701,71.7,53.8,20,8.4,3.1,0,4.4,1.9,0,0,0
33.3,d_20180801,60.4,38.9,12.4,4.2,0.7,0,6.3,2.8,0.5,0.1,0
54.1,d_20180901,21,10.3,2.6,1,0.1,0,24.7,15.9,5.5,2.6,0.8
24.1,d_20181001,2.3,0.4,0,0,0,0,73.6,56.1,27.3,12.9,2.7
26.3,d_20181101,2.2,0.2,0,0,0,0,71.4,49.7,17.5,5.8,0.3
21.7,d_20181201,1.1,0.1,0,0,0,0,77.1,62.6,28.6,12.6,1.8
17.9,d_20190101,1,0.1,0,0,0,0,81.1,72.1,42.1,22.9,5.9
14.4,d_20190201,0.4,0,0,0,0,0,85.2,74.8,48.2,28.9,8.6
13.7,d_20190301,0,0,0,0,0,0,86.2,76.6,50.3,34.4,12.9
11.4,d_20190401,0,0,0,0,0,0,88.5,80,59.5,46.6,27.5
5.5,d_20190501,0,0,0,0,0,0,94.5,86.4,67.4,56.5,37.9
13.6,d_20190601,1,0.2,0,0,0,0,85.4,73.1,54.4,42.1,22.9
37.8,d_20190701,9.1,4.9,1.3,0.4,0,0,53.2,35.9,17,9.4,4.9
34.4,d_20190801,16.1,7.8,2.9,1,0.2,0,49.6,34.4,16.4,7.9,2.3
48.7,d_20190901,20.2,12.3,4.6,1.6,0.4,0,31,15.5,5.8,3.2,1.4
48.9,d_20191001,22.1,10.8,3,1.2,0.1,0,29.2,20.9,9.2,3.7,1.6
45.9,d_20191101,18.1,8.7,2.5,0.8,0.1,0,36,20.2,6.1,2.6,1.2
50.6,d_20191201,18.8,9.4,2.4,0.8,0.2,0,30.5,16.6,5,2.2,1.1
52.5,d_20200101,23.2,12.9,3.6,1.4,0.4,0,24.4,13.4,5.5,2.9,1.3
52.2,d_20200201,34.2,17.7,6.6,2.6,0.7,0,13.5,5.6,1.7,0.9,0.3
49.4,d_20200301,31.5,25.3,11.5,4.6,0.5,0,19.3,10.2,1.2,0.4,0.1
52.8,d_20200401,27.5,17.7,4.7,2,0.3,0,19.7,10.2,1.7,0.5,0.1
65.1,d_20200501,11.6,4,0.5,0.1,0,0,23.2,12.2,2.4,0.5,0
68.7,d_20200601,12.4,5.2,1.1,0.1,0,0,18.8,10.2,2.5,0.5,0
49.9,d_20200701,27.5,13.1,1.5,0,0,0,22.7,11.6,4.3,1.5,0.1
49.9,d_20200801,26.5,12.7,0.9,0,0,0,23.6,12.3,4.1,1.8,0.1
46.7,d_20200901,35.7,25.7,13.9,6.6,1.3,0,17.5,12.8,5.2,2.1,0.4
33.7,d_20201001,33,25.6,14.6,8.4,2.1,0,33.5,24.5,15.2,10.1,3.2
32.7,d_20201101,43.3,33.2,19.8,13.3,5.3,0,23.9,18,9,4.4,0.5
35.2,d_20201201,46.5,37.6,23.4,17.2,10.4,0,18.2,9.7,2.9,0.9,0
34.2,d_20210101,53.6,46.9,34.1,26.4,18.4,0,12.2,5.1,1,0.1,0
35.1,d_20210201,52.2,43.3,27.8,22.8,16.9,0,12.6,5.4,1.5,0.1,0
34.8,d_20210301,59.2,48.1,29.1,23.4,15.9,0,6,2.6,0.1,0,0
36.3,d_20210401,58.7,45.9,29.6,22.9,14.3,0,5.1,2.3,0.2,0,0
28.2,d_20210501,62.8,49.8,28.6,17.7,8.1,0,8.9,4.2,0.5,0,0
42.3,d_20210601,29,15.4,4,0.9,0,0,28.7,18.3,5.5,1.3,0
56,d_20210701,18.9,6.4,0,0,0,0,25.2,9.3,1.4,0.1,0
41.3,d_20210801,2.7,0.9,0,0,0,0,56,35.3,11.9,5.2,1.8
21.5,d_20210901,1.8,0.2,0,0,0,0,76.7,55.6,23,11.8,3.1
